Date,HEDG,HEDG_CVARB,HEDG_EMMKT,HEDG_EQNTR,HEDG_EVDRV,HEDG_DISTR,HEDG_MSEVD,HEDG_MRARB,HEDG_FIARB,HEDG_GLMAC,HEDG_LOSHO,HEDG_MGFUT,HEDG_MULTI
1994-04-30,-0.020209627708798476,-0.028179425692295212,-0.08995879686400592,-0.00015958826262217358,-0.00927834477009629,-0.009781793403797947,-0.008372775457318512,-0.01230284551301477,-0.004658471131882398,-0.01868422953840657,-0.018379428926445517,0.005906762199278494,0.02281632751182175
1994-05-31,0.018909941636758465,-0.013397425608424203,-0.010471824530533705,-0.004245654588105854,-0.004646175270339941,-0.011580527965174425,0.003731254795359214,-0.0006481689454857038,0.004723909234622348,0.03415073559962408,0.0025387673242248596,0.0044262163522452765,-0.03846139427164042
1994-06-30,-0.011208249747116976,-0.0009774684347818655,0.0016137229692034841,0.003900347219497153,-0.004376112249976055,-0.01262067936045937,0.005190477900104608,-0.001276884575548588,-0.007083287914466807,-0.01231784788386053,-0.02644625284016819,0.03758671520196173,0.03238839775864107
1994-07-31,0.0006978019522546502,-0.0013970663882937793,0.0536787596259778,-0.012846423155502638,0.0025893849743367,0.015043830826329829,-0.012442464353806637,0.002887729166296521,-0.004597709248629397,-0.0063022266312887775,0.010021416408613155,-0.012947438358376542,-0.025348491772512676
1994-08-31,0.02365005028259442,-0.004073325387635681,0.14836091048920222,-0.013622576219964093,0.004493317300097411,0.01652146191922326,-0.010899290458035574,0.013085538448658634,-0.004573650609460146,0.023455422021956704,0.012593727097575948,-0.006376896940610813,-0.03660974561256084
1994-09-30,0.0031140120773019103,-0.015535014457158545,0.047129471639579576,-0.013008101503938276,0.00390837216276247,0.0074752044392778615,-0.00036875177941929783,0.00022915556275767595,0.0034119710604865517,-0.0010667624773514407,-0.0010667624773514407,0.016533059023183812,-0.00998421047886128
1994-10-31,-0.01736482727196513,-0.017466200884500727,-0.03950368370829711,-0.007479735683824673,-0.011099649138959016,-0.007279013081785751,-0.016452926909872642,-0.0017748710898251026,0.005087754679698306,-0.02622300259009003,-0.0010765122047556273,0.007958049123200538,0.012002045362864078
1994-11-30,0.000318744150755397,-0.005474320392255731,-0.018074658463357804,-0.006777382772796885,-0.014429453941027048,-0.028065566321542747,0.0013141652960590488,0.002308596563369793,0.003103430186933903,0.016911717440334442,-0.032686883917140405,0.01259248033376607,-0.03134964152273265
1994-12-31,-0.006502512536352451,-0.02378701824467235,-0.0474121950377733,0.008219726911619946,-0.012230883559670818,-0.010720233189301601,-0.014450640297983704,-0.0018036785972163388,0.0012835120238154562,0.000587237066556715,-0.007906443773769842,-0.023481192257274207,0.014323309553620257
1995-01-31,-0.024087836332924696,-0.010410504432384886,-0.1093295227417728,0.0004977848676634171,0.0008958344300891569,0.00019914368282480163,-0.0014948430707255192,0.011780564891230614,-0.0014948430707255192,-0.029201367622635813,-0.011618720447264638,-0.0049915247892372075,0.019622973480786836
1995-02-28,0.0005078442122798763,0.007748861815126574,-0.08606017209617903,0.005374033863452904,0.01983211703868276,0.0245082093390553,0.015428332459251261,0.014643403062592694,0.0024969050371369487,-0.0032823059462988597,0.025965015307379973,-0.016763395425305277,-0.0016847020118886664
1995-03-31,0.02961871899592973,0.00852418681157598,-0.061265629527364085,0.02419234909164472,0.0038746260783221395,0.02419234909164472,-0.01696572340186263,0.0016907856233432323,-0.008999160822507297,0.053302026081970454,0.0034779187439515687,0.08579954739387352,0.013839683134559919
1995-04-30,0.01003540100677,0.018183485157932097,0.06563189254307265,0.018085709552867656,0.016422059905566073,0.02306011629902988,0.019746596066270765,-0.008870634754848356,0.015638207229726784,0.004698365211383808,0.009147870747829964,-0.00766593628568882,0.012496637789460467
1995-05-31,0.004783226180501649,0.01109924441376444,0.008044904387172626,-0.0011744917692462315,0.005970522253487979,0.014144283847323597,-0.0004775929407026952,0.0008153606433681645,0.014634552033836384,0.004585206377874413,0.014830592026622607,-0.053406485000434774,-0.01784489187935986
1995-06-30,-0.0009161887192819535,0.014212393683688106,0.0031603767074611334,0.010476276861141394,0.008306864709646668,0.018423338553673223,-0.005309605671292986,0.01587930587041604,0.0005771661304005936,-0.011432585905025097,0.029888679850667794,-0.06372262504940614,0.013230557571431455
1995-07-31,0.022636533919784305,0.0039737783266805896,0.017367715018234912,0.0008954778967625214,0.0176611566010125,0.0333804789178214,0.0024854613381547607,0.01089011851457915,0.006548292076648797,0.017563352307326058,0.04562826382681029,0.02545466901456942,-0.011010020136729918
1995-08-31,0.0536794557901686,0.0030810539704125162,0.005162839108871078,0.0021875319452164454,0.010693171197349758,0.0049647604710044875,0.02098082377772282,0.001392619343740245,0.0030810539704125162,0.09616045076633592,0.017758951329954545,-0.007794583282755559,0.005360878519360868
1995-09-30,-0.0005975500625965916,0.006747396109163167,0.014235115821871966,-0.010106655297402047,0.014136956312590706,0.010990753737009537,0.020789950229005472,0.006945161362452825,0.005955943752851413,-0.002392345638619796,0.006648498813923594,-0.10255459708852419,0.012860005105234818
1995-10-31,-0.005709966000932564,0.008208143153714782,-0.0628742686888753,-0.0018132732548983722,-0.007212746427014488,-0.01779592236107512,0.003953870103588253,-0.003010639193202487,0.006726149106846119,0.005340970296268532,-0.02297701791508449,-0.015265940745428447,-0.012843165484003102
1995-11-30,0.02672589801625356,0.018646029284289076,-0.035991517168265874,-0.0012954015064425843,0.007045427307519715,0.008527567789306561,0.0027844091179570858,0.012469236274639119,0.012469236274639119,0.0433600972397543,0.018450525862356522,-0.006894856192782876,0.02079404807544055
1995-12-31,0.025352640180189713,0.009015764244599985,0.002584237597616063,0.003278854345961699,0.01677726118276349,0.03337394436255176,0.005359814320018042,-0.006389798098770973,0.005854643366682666,0.03491285011975495,0.015896074461035508,0.04008924204628841,0.0031796529173797874
1996-01-31,0.06320694726113764,0.016317378358505056,0.07149261585217905,0.016611251113717865,0.03013351562317969,0.03601050156402121,0.03023013864852177,0.0059770429830045884,0.010027431331002382,0.0953119904161396,0.015337178319232467,0.023638412570456686,-0.00047811623119294044
1996-02-29,-0.04055227658133986,0.007738901606161242,-0.00970832826564665,0.011782897845824782,0.001791223486189904,-0.00039848575940723855,0.0016917951987602525,0.011586008693781005,0.00655219260613364,-0.07731568568838086,0.009417665640380284,-0.0500359597709443,-0.0016946622208539983
1996-03-31,0.006562152815098972,0.010906551433178435,-0.01332557606372459,0.012383293025692105,0.00814411873726843,0.008934164205974104,0.008835442650042217,0.0022981768965783314,0.0036884452436476154,0.00814411873726843,0.008045319152146329,-0.0028826656172710606,-0.004282106069574117
1996-04-30,0.026113812085940918,0.008701653502772855,0.04475206898082453,0.008208143153714782,0.020765945774328737,0.02193519466521265,0.020863435416131507,0.015193266739280169,0.008800326353018181,0.024949441684644868,0.03595660118976219,0.026113812085940918,0.01244439400892806
1996-05-31,0.014944829123419597,0.011603631046551693,0.039941286549510326,0.007164221594935132,0.012292437961854485,0.006669735109064222,0.01895912932004392,0.006669735109064222,0.006669735109064222,0.015533295205524884,0.016905037533105762,-0.024271959775813458,0.015337178319232467
1996-06-30,0.013258332136990215,0.010403859014194883,0.04822085017739687,-0.0015948966698160053,0.005958309583630635,0.00268563348370304,0.010699527473452226,-0.0011959339675362687,0.008430498729019653,0.02779730121986988,-0.0194102739979181,-0.0019940186068643988,0.024692612590371404
1996-07-31,-0.04656742720047901,0.009118001723499447,-0.031556016374062405,0.0015917233762546149,-0.0019932237015714027,-0.007695805310019335,0.0015917233762546149,0.00605490956024575,0.008920665758379562,-0.07663851250891694,-0.04313117661772345,-0.003390847968209431,0.012761710516272805
1996-08-31,0.020326183531576825,0.008843649008684215,0.030809680826435048,0.010520260674179136,0.017198737667382,0.022860050982219972,0.014257847399556597,0.0080536815537584,0.00617500398533372,0.024707671481566225,0.01934990697253532,0.0035984491955501465,0.003002915679189906
1996-09-30,0.02030226428907856,0.006747396109163167,0.011187681662025608,0.00872329084409035,0.01766464247953846,0.02361384810830449,0.012270092591814316,0.016881786974246915,0.010202654001607232,0.02526553660621782,0.02030226428907856,0.027302098431196874,0.005361943141385448
1996-10-31,0.028819646360237018,0.010165850921375431,0.012725663286973844,0.006907393335767486,0.009672827196948118,0.013708464348882054,0.007698297974128259,0.000358451493403039,0.007401782034224123,0.04760674162496541,0.014984663412781181,0.050262030050882735,-0.0019338702359617608
1996-11-30,0.04517902273691192,0.009417665640380284,0.021675725479040356,0.015810606026642273,0.021090759097925786,0.0314716430060316,0.014731592728565054,0.0004978840033145445,0.00764006296017024,0.07417199969981683,0.02624616179107249,0.03724588674670731,-0.002093823986457191
1996-12-31,-0.0015141556495970386,0.0038547178552298033,0.019400091903452293,0.004845798213855637,0.014016103566265259,0.017054279079126794,0.012247756509523245,0.006528383853556461,0.012739277777713512,-0.012238387721390723,0.003557202109493841,-0.023078876840560883,0.017739043106862206
1997-01-31,0.04896082719570168,0.0058569681502566445,0.08599865142638789,0.026817578822900368,0.018349138668196485,0.019521471745020023,0.01864235080927993,0.008328424106481758,0.010301200441696828,0.07451324929417315,0.029914455390697384,0.025168453940251575,0.010793787023747201
1997-02-28,0.009123427027849967,0.009419533233438637,0.07029374511400191,0.015715668149346752,0.010997287233939083,0.01757722749749628,0.006454518212853236,-0.001595214695209061,0.007147141799638001,0.014243564247402312,-0.01971894878895552,0.010405921161116665,0.01943532788051098
1997-03-31,-0.018391554019609454,0.0051648903055569765,-0.012021783733656616,-0.015757840989933457,-0.0023928226770886553,-0.00039840637977179,-0.003391524447903808,-0.008400049392522735,0.0029829991295324005,-0.026130112137222015,-0.02715281625581509,-0.013736617461999438,0.0010947998107693853
1997-04-30,0.023808306057385882,0.0057579827505222815,0.015118118086750159,0.007637031911425601,-0.0010957813518627426,0.0007961783860072997,0.00039816843050423986,-0.02123136549731941,0.007933401387539049,0.05340675042492396,-0.004290353300959557,-0.031658775455486635,0.0011940299926078094
1997-05-31,0.003943132694579548,0.011842067919114047,0.02444912470657502,0.02503164899489217,0.023866260885915737,0.02909984522946752,0.021628797040855106,0.008196564103501641,0.005230962879008315,-0.025225182751655743,0.045304236429217395,-0.012447400138484286,0.0061215670643411406
1997-06-30,0.018575529911263607,0.016911717440334442,0.06210849536101461,0.007958049123200538,0.013084243313924646,0.007463758173489607,0.01681375985589015,0.019845991846135867,0.004889499326154427,0.01700966543003025,0.018771090682396276,-0.0016750756703520406,0.008847157603604038
1997-07-31,0.06339389809361333,0.016709189510544585,0.058427853687709405,0.0279086053946011,0.03100278693884354,0.030519951721119713,0.03437612154342828,0.007856092143907908,0.006669735109064222,0.09232001211995065,0.06376769493938235,0.051168806964354,0.0060760283827389515
1997-08-31,-0.016871257775842537,0.013157433716145021,-0.041373995746184,-0.013433785985400598,-0.00679459048858298,-0.01333286253575144,-0.0028920488868479236,0.0014926118498296568,0.003975358047925349,-0.02858636145318965,0.0019896544566130464,-0.07966934579442478,0.00833007593520364
1997-09-30,0.03472425023956783,0.005847012007067246,0.023020291131509964,0.013537840686530744,0.02029230814588916,0.02486719323608589,0.01804588438534774,0.010291244298507429,0.007034073181180917,0.040859826960382324,0.05301918642300417,0.031256372763552434,0.01931622217283381
1997-10-31,-0.020667422419548484,0.0004579985543582618,-0.08599248025976941,0.0039359172983098305,0.000358451493403039,0.007994726018391593,-0.0046315788211312055,-0.003931473776782718,-0.02005760432970822,-0.023212341592240913,-0.012566932600550538,-0.011458229165909817,0.02659171886339152
1997-11-30,0.005968269792595967,-0.012215865987675666,-0.05275222543000144,-0.007789299403526191,0.009230270411562776,0.014250707200487558,0.005671195967566221,0.006858962117302644,9.960208965331847e-06,0.030032817526705495,-0.016257091936184704,-0.010805286408697662,0.003291422905926345
1997-12-31,0.026864121875849058,0.005221010996360768,0.037272851161994656,-0.004428404835313779,0.014091559995870098,-0.0009359101412968166,0.02453628377326331,0.015072336849695504,0.0022465888153213147,0.04529428454656985,0.010552777181661721,0.022981375782626563,0.0058148352418390895
1998-01-31,-0.016365005550176816,0.004173711713159619,-0.06500334401522553,0.004867639869878094,0.012960854199097607,0.0327191494016291,-0.006193207289141132,-0.009605837319966894,-0.012626683439569627,-0.02623233549534833,-0.013534719621620516,0.004471168460184535,-0.0011956956386696815
1998-02-28,0.015428332459251261,0.012186520101011563,0.015820566235607604,0.014348895624151294,0.02129574612369648,0.023633105972401265,0.01748584555466885,0.03341005815649056,0.004085310017186668,-0.001884262978426005,0.05088484038026798,-0.006785988393306384,0.011300562470584856
1998-03-31,0.053750530289861216,0.010147944540353684,0.031704497369606746,0.015556286549615071,0.02054529176195943,0.008667851517674258,0.033536264572563666,0.019569015202917924,0.012019589671270724,0.09281148859388003,0.045123657808164706,0.006592034037243156,0.011527391009958435
1998-04-30,0.005263954152287145,0.008428826737634145,-0.005992826565096261,-0.0012954015064425843,0.0030822793480304173,0.0008958344300891569,0.004768536753003749,0.012075767845403887,-0.0042912096188014,0.011386825344850408,0.007144305045277626,-0.045325747977023094,0.013746940512544947
1998-05-31,-0.0013953954222715426,0.002486944828171617,-0.10691107527737896,0.009022915807957306,-0.016064602503806705,-0.01819237067067886,-0.015052968628962405,-0.0016946622208539983,-0.006094229361407655,0.02915257732276463,-0.02103645587879593,0.027991024583513286,0.008134158528303098
1998-06-30,0.011603631046551693,-0.00787815000013706,-0.052101821826360493,0.0005177014173209224,-0.012102658395090827,-0.0010760831615080255,-0.02447604140917482,-0.009485382892579313,-0.015030031403686493,0.02810227248148509,0.029263488017426873,0.004887556419535599,-0.0017741634690890957
1998-07-31,0.005007561533043861,0.0012343468488722129,-0.0031524996678636967,-0.0049526801720114755,-0.0035522598171010495,-5.9765123084087445e-05,-0.0066558314127427645,-0.007659041769754453,0.000836336893369153,0.013887738289903074,0.0021292904774400127,-0.015215372117138654,0.0030234338979971973
1998-08-31,-0.08269343277342558,-0.05170218728951979,-0.2659456550603333,-0.012727535640754389,-0.12941434937254612,-0.13715133187469863,-0.1265848528325347,-0.0676636275740416,-0.01889883349074234,-0.053801705171802494,-0.12556819078506773,0.0906643263942107,0.007243173007195117
1998-09-30,-0.027980346880139763,-0.037442517652139774,-0.0814904048928573,0.004845798213855637,-0.034656281909196195,-0.019012590867643304,-0.05316955117227659,-0.011130577547165024,-0.042726682670027605,-0.05716661129557563,0.029502169071868256,0.0618335959918144,0.001074455911398149
1998-10-31,-0.05007175850835901,-0.05122510070698005,0.013365873943677059,0.021202904650957262,0.0032837484106923954,0.005566061482766355,-0.0006979411021641973,0.020519611149824778,-0.0754352447271125,-0.12602733233172725,0.01395578645709756,0.008732813263288343,-0.05206473131885942
1998-11-30,0.01051284104499393,0.01739518066793561,0.04274238269405533,0.01778703020273004,0.02432778666909204,0.02821241814439485,0.020818669119456516,0.01719919830572088,0.012385593058504021,-0.013854252314674315,0.033722073955364494,-0.021159479607469552,0.016316802052574512
1998-12-31,0.026116998379777896,-0.0002391343348515599,-0.04288973879030131,0.008590726099724505,0.013124093477315408,0.011648078449194993,0.014990590408995112,0.011648078449194993,0.01341903522845826,0.01939739379974707,0.05980499721488013,0.023882143443865994,0.009380615556275805
1999-01-31,0.00436467005955331,0.018842689240206423,-0.03323830471931431,0.0032728043498084928,0.015021964533541248,0.018353667762418566,0.014039935582971709,-0.018818665396103947,0.015218254650964096,-0.032826358266526856,0.044900909469991486,-0.03550704860263185,0.012565081571960117
1999-02-28,-0.01679006139379913,0.008522680208216983,0.008028584640084126,0.0024779707262443827,-0.004103624631305813,-0.0029037444753503058,-0.004203679661656031,-0.01739821061181283,0.011482137828417383,-0.019732881519507216,-0.03550704860263185,-0.009018132291122413,0.00891778096404812
1999-03-31,0.007994726018391593,0.006214838274695305,0.06753783291091073,0.009278233130468778,0.019487411819185063,0.024358816620178463,0.013806691351564036,0.021146353404819643,0.009179560280223454,-0.024334161096968426,0.03277890024064819,-0.01488911043240917,-0.0019338702359617608
1999-04-30,0.022187227917033463,0.017401361478908407,0.05910802428670284,0.016225812754190962,0.026465309308111785,0.02714422888222345,0.025494623928069983,0.02956518585801225,0.012395707409085528,0.013968807723658966,0.028597506277952486,0.022576901570283803,-0.0008770706404726924
1999-05-31,-0.002095077336395488,0.015329380930086893,-0.01577050413607102,0.010903071632808776,0.018073673547225357,0.020615219392336237,0.015034902400351526,0.021005653755519504,0.005367272600557053,-0.00389435810969786,-0.01162803799511916,-0.03313205133197205,0.00039856517068064543
1999-06-30,0.028321380711867693,0.004115191239330852,0.04388514957573212,0.015065825997334008,0.02492677971194883,0.020642867016952192,0.03112534677426822,0.008173999959412613,0.0035198350002731155,0.02580077831091986,0.04149908306548942,0.023273806415163585,-0.02466522143596951
1999-07-31,-0.0011762479052322464,0.007068149425376608,-0.01939425465545494,0.01269085227816687,0.009340765392885043,0.015637519767325227,0.0029047810007423363,-0.002174152388801087,0.0011151603202777059,-0.02305763516436526,0.011509749778658821,-0.010998918844237742,0.006276462100503278
1999-08-31,-0.012992924490577012,-0.0016548207897444825,-0.03091236142121102,0.0070866672767885075,-0.0028527843951268767,-0.002053982555347675,-0.004452304880110183,0.00401598981074894,-0.008060607882971131,-0.032866190003070186,-0.0066558314127427645,-0.007157310787376277,0.005899136211946261
1999-09-30,-0.006978004701446496,0.01003140722389892,-0.010294090742763624,-0.0015752902090109592,0.006573418301646107,0.013379185065067498,-0.0026734783091970963,0.017597151983694385,0.0035998805769149964,-0.03608947522904128,0.0022091979250493084,0.014165271378514838,-0.003372953731171269
1999-10-31,0.01965064119108995,0.0032027399839269777,0.03217325302097093,0.0043936889138952405,-0.0002789844982423223,-0.006777382772796885,0.005781339052313551,0.013575764582114912,0.005285970735847986,0.020334201590734943,0.039190825679617555,-0.053173224047625145,-0.0028732785096621666
1999-11-30,0.04484549653174904,0.009352582590607643,0.08527107102455214,0.011915928172447788,0.016631064609580668,0.011817459362363805,0.023370358564142456,0.0016228840113615673,0.004206094588422107,0.039495846784508425,0.07626365718361576,-0.00877720972882602,0.023175654513682926
1999-12-31,0.07746609816853929,0.0045693930701789474,0.13832375389788232,0.0051638645035188575,0.02604185881890906,0.014431405939294813,0.04115646665467751,0.00029864118483861543,0.005262908726845492,0.08398676231612007,0.11791577608267527,0.01883777781791439,0.020399820505925835
2000-01-31,-0.005191704952051587,0.021379071493061994,-0.019507908730361342,0.009908919760313575,0.0008958344300891569,0.0,0.002287761479241021,-0.0026923284947321037,0.0011942676578698356,-0.028688836218868287,0.0009953220688321014,-0.004091209618134755,0.015121106413904833
2000-02-29,0.05849054973790814,0.028754250291009233,0.05425584713144058,0.0034786100774023433,0.018349138668196485,0.0004976857714830123,0.038477551925883015,0.03020429646320611,0.0012934681670048551,0.03895645620207301,0.10123013356239093,-0.025613984752919542,0.014333265696809656
2000-03-31,-0.026017399747427672,0.029425426253470395,0.02593975270101557,0.017563352307326058,0.001392619343740245,-0.0030905762100712753,0.007141470541891475,-0.004089577292156231,-0.006090578460074316,-0.02939457125277834,-0.04520313521910436,-0.017776014137982785,0.016682682941732543
2000-04-30,-0.05195575709584163,0.03052789191412488,-0.08532594472585907,0.009747670002253114,-0.011876410085032135,-0.01783752902550669,-0.009461679059591922,0.013388510432441717,0.004707386564105568,-0.059533943031330784,-0.08207883720780912,-0.027613574297122974,0.004608303086194444
2000-05-31,-0.01681622482151216,0.014166977702291098,-0.04722432012069943,0.009447204928939239,-0.0048472612188470285,-0.005047241221513273,-0.0053472862305152654,0.0017297430575103964,-0.0048472612188470285,0.017887730060982716,-0.04015641833508117,0.0007360035342140877,0.003615131857139314
2000-06-30,0.03199394693504115,0.015556286549615071,0.04987290685647943,0.014084182647670633,0.01526203908537643,0.01604650666826118,0.015065825997334008,0.010246539561384986,0.005304841424248907,0.009161459306955264,0.05554239194721173,-0.015215372117138654,0.017124145763488367
2000-07-31,-0.0036891212884960296,0.009705929418655418,0.000994728023930267,0.007436452890771854,0.00019902477924187405,-0.007191401348107409,0.004864740296341252,0.010887962653210521,0.0006964134987726515,0.013149628399215903,-0.011108445476616442,-0.025501558329338665,-0.007692729879186921
2000-08-31,0.028290818388997135,0.01171154259344135,0.03724567096873809,0.009151478178299654,0.011908199427900095,0.01249793799423559,0.01171154259344135,0.01053078874180519,0.0016304135317272237,0.023734560203938673,0.042790088192646784,0.007177728401055675,0.0013323657425257148
2000-09-30,-0.009095969555582159,0.015011144995650155,-0.07530271542606458,-0.006388522426667069,0.0010939288048289857,-0.008092356464517725,0.007829962199575375,0.00506179434196247,0.0024844733276620885,-0.013725607454324266,-0.012112866453627594,-0.038958061082192304,0.00139206545300002
2000-10-31,-0.016444770466911757,0.005356092947305023,-0.030495093234737508,0.0025824408471890473,-0.005985055272251988,-0.006385335473733901,-0.005985055272251988,-0.0019910409763139072,-0.0025891271185442774,0.007036350323101946,-0.03121307880330097,0.0020863352657483807,-0.023852587588754675
2000-11-30,-0.020648722616982078,-0.00973842144414452,-0.042106349955446036,-0.0022312544120241086,-0.012757139775966566,-0.015683921902554184,-0.011850567062150832,-0.0022312544120241086,0.0019482720223998416,0.03062933549400939,-0.04376817003045589,0.05963617161169683,-0.002530461515438151
2000-12-31,0.021264829633026734,-0.0005971932097461139,0.017947429771457024,0.0077312308967356445,-0.0007963368925709155,-0.003588520597331559,0.0,0.008816739465358112,-0.0017926506145196793,0.04427869979187908,0.028640639468945094,0.06974880460297811,0.008718105545073
2001-01-31,0.0039109466881297825,0.02100202177895298,0.03713529929922323,0.015631177366021064,0.01885714428706957,0.023045122163732182,0.016316343545617465,0.013474736616615522,0.00865497614288638,0.02721563400365303,-0.011262033557460097,-0.005745193244897239,0.010821824227976692
2001-02-28,-0.009710272002733885,0.01718560814649555,-0.033118627620525,0.005067830193500204,0.011982120876665977,0.015225207597065688,0.009518215820976153,0.010997287233939083,0.0014932061905411752,0.0060585178116779395,-0.0282904298390965,-0.0022939221149603137,-0.001395673638974811
2001-03-31,-0.007577081203643368,0.00992883630997108,-0.017155215627105334,0.004986649715955177,-0.0029720074933283604,0.009534358987301421,-0.012707619091096883,-0.0008767211193804357,-0.0017741634690890957,0.022860050982219972,-0.023761937833814695,0.043475365398542444,-0.003271692825974553
2001-04-30,0.002884282669894607,0.008134158528303098,-0.00920558832242489,0.010305283431286937,0.005264999993139391,0.005859294780836745,0.005264999993139391,0.0009955202415015112,0.009121617875845747,0.002884282669894607,0.0036784850346822835,-0.06045655825066404,0.008825482441076886
2001-05-31,0.004971177467602481,0.0035817369900019522,0.020324298649203917,0.0030850400146088764,0.007645373088904152,0.020617253096882768,-0.0004984796474289234,0.009720370128064652,0.0018919597378700423,0.017879668281976457,0.0006974543201073453,0.004971177467602481,0.002786903366437842
2001-06-30,0.003056964437444632,-0.0014271245866626001,0.01344230084330096,0.00016952279374273915,0.007521036133266769,0.023428677158568452,-0.0016268848749816647,-0.007035551906381133,0.002261261192756239,0.007521036133266769,0.0014649243001853235,-0.011161759139384305,-0.005530207651016988
2001-07-31,-0.003135706654760855,0.007806409879808218,-0.032879563025165884,-0.0007381031086066093,0.0017533028340376588,0.007014644201074281,-0.001536665738386402,0.0038412976269298587,0.006123157836252335,0.003940617287338253,-0.010161731743833393,-0.001436810528357862,0.00284755810363355
2001-08-31,0.00617239894439968,0.011903073653384513,-0.01384428217524199,0.007063797012635394,0.012395563197936346,0.009436981158191065,0.014952606290646955,0.007063797012635394,0.0033940681236729435,0.006964792012802048,0.0015043664324859568,0.02190217666741284,0.006271482422310804
2001-09-30,-0.011030998337800161,0.004676392781670624,-0.04748454433787654,-0.003196486589424776,-0.01821617320577934,-0.010627731874022814,-0.02167532814554539,-0.029553815717625175,-0.0008979796063631358,0.008935722681965163,-0.018520911894713995,0.03315329134595467,-0.0076084059087631745
2001-10-31,0.0020929892526093956,0.00874148806653299,0.019366280587342896,0.004876844699316995,0.011112327861234282,0.020930767070523784,0.006662382322788343,-0.0023973640490168057,0.013083742989618933,0.00943356382701524,-0.010329530745947725,0.03113741703755396,0.0041816070490256155
2001-11-30,0.0037068818977827964,0.005396323293406893,0.037157433406643126,0.0064879722878383094,0.006785488033574272,0.0058926751177630346,0.007380254109791055,0.006388780699203701,-0.004382241952869914,-0.005385452309881604,0.009261349659779173,-0.09182214023152108,0.002114207860141171
2001-12-31,0.010430730839869812,0.00179586998281188,0.04567538647222144,-0.002199341084476564,0.00924413918477235,0.01467115926378705,0.006370716350653284,0.0052786338395330885,0.0008983381349760497,0.023000865909827712,0.010924728775124494,0.01987311436183236,-0.0038019055300177237
2002-01-31,0.0039165516686628064,0.00966882380278094,0.025757065645916444,-0.0002696400321928942,0.010262002268023618,0.014207558777332535,0.009273175924226948,0.001426882504350387,0.008778395843874418,0.024588613711614516,-0.007486992933238103,-0.014250254972408232,-0.0017689656166770735
2002-02-28,-0.006944855119066711,-0.03333591246851742,0.02716115406619646,-0.0010291613244330236,-0.004734909468263787,-0.0076490450782503135,-0.0017291963547706574,-0.013604147209043545,0.007333256745221621,0.0038574103538691878,-0.01127844718709907,-0.025621808902475552,-0.00403276790774579
2002-03-31,0.005973733415705748,-0.0015990409163744535,0.03734080740222324,0.006569148735469472,0.010430730839869812,0.010825948708861539,0.01033190196199129,0.008551309939460683,0.004881217043443048,-0.0033008282033037397,0.007659823574638737,-0.010540678830990797,0.005576592822717729
2002-04-30,0.006330142962678159,0.010488564796701415,-0.00033953484053485163,0.0037471890132203993,0.005833938913396119,0.007321813016179428,0.004741422541133418,0.007222690252555632,0.011870871493900701,0.015318301650405767,0.004542654899850915,-0.01776982852643431,0.006429354233159843
2002-05-31,0.0051388393372234584,0.0007585436326664199,-0.008865590802477894,0.011278688294597303,-0.00033953484053485163,0.00035938186706322697,-0.0006392201731810446,-0.001238860407019096,0.012758489284807354,0.006230921848343655,0.006429354233159843,0.032959224991550316,0.006925262996112325
2002-06-30,-0.009634759396583762,-0.004504737584208668,-0.03942049339567993,0.003987246111817967,-0.03093709883943862,-0.03983616419040036,-0.02774861580901871,-0.012968264175481076,0.005279685522226887,0.01290084380329944,-0.01387933373285667,0.081578145882086,-0.000299685332646193
2002-07-31,-0.01513076893548401,-0.01716019631897382,-0.013510187197236997,0.016693952845042645,-0.03302948250738789,-0.04517727244584653,-0.02572905421723471,-0.02921838452275943,0.00920328111588499,0.01973331985952273,-0.031482691789089114,0.057861527865430425,-0.011084228259548424
2002-08-31,0.007144948846231565,0.00466294211164967,0.011202150987773891,0.0043646869023999104,0.0013772319818447342,0.001476957736103389,0.0030712187353950553,-0.013695400633953204,0.010905840056671149,0.010807050231942755,0.008730206287103639,0.031728724480302624,0.006946614851134794
2002-09-30,-0.0005993407431431646,0.012207982492509538,-0.02139766742039738,-0.0016990659227094011,-0.003401023584380488,-0.0039021511318258857,-0.002599741490226286,-0.0070147596993431535,-0.012864499022985506,0.006172244582610717,-0.006110100643826631,0.03887882558486267,0.006965895417920262
2002-10-31,-0.0017791286964579434,0.008868267776431247,0.022142146366227612,0.0027125692281353055,-0.0031806706217464608,-0.008605093766857835,-0.0003795483420348288,0.0038074780121819017,-0.02434066031246529,0.005795155072882201,-0.0005793685045540079,-0.052988182408348496,0.00857128217804984
2002-11-30,0.009641742602392582,0.017818725260279764,0.020953524065651097,0.0018959243318203347,0.024176025755746112,0.03715567330098172,0.019093422692280208,0.000898517506663933,-0.006513375399250952,0.011025689047086762,0.0044845358928155225,-0.022320777197593605,0.016247633028238517
2002-12-31,0.009593710962908385,0.015414276895093657,-0.006363543959340139,0.007117113530822027,0.008801866914802827,0.010582635094136322,0.008207572127105474,0.004236555293666064,0.012064190009811829,0.00741462927655799,0.0065218163607467525,0.052491317792458386,0.004336023140766514
2003-01-31,0.011669323272203238,0.028703509013776426,-0.005559604613457393,0.0020457557717311475,0.02139673969425862,0.029673723507269104,0.018557080503346975,-0.00495707396658845,0.011471831418100317,0.019047252563551022,-0.0017496942499647997,0.057879618393716095,0.013543553167328711
2003-02-28,0.0058274352434354686,0.012854731940808878,0.009198782016226934,-0.0015497291076206616,0.005330688921562255,0.007911079396608265,0.005330688921562255,-0.008074873978176828,0.008901767014786,0.01757775557829536,-0.0030517571274583997,0.061367757029273384,0.00014984640771286307
2003-03-31,0.0015471767116945403,0.008405709635183823,0.008900881717596718,0.006819509243123824,0.008999886717430064,0.010780302618005846,0.00939580872596723,-0.0037531007098861972,0.003141755482896679,-0.007671325444458343,0.003241332281584872,-0.06398924890944545,0.0065218163607467525
2003-04-30,0.018360944384252013,0.013050675243210252,0.03711301195877748,0.002942572133966083,0.023740719671647315,0.031127282559649826,0.019047252563551022,0.014036188282469579,0.011373070862985736,0.02032057660062117,0.02305762620766173,0.012754831840825705,0.014331652902731017
2003-05-31,0.025899649792177945,0.016607266206277137,0.04804575033236709,0.011286532400396987,0.022388478721763676,0.02160654143238643,0.022583867546144543,0.02443815978682504,0.011879125010331044,0.028330729902336357,0.03529939921842957,0.04928296200576695,0.01857074612237982
2003-06-30,0.007216295281461219,-0.007268748949488206,0.01894923737111775,0.0035400031982358504,0.01679046899275964,0.02491065253396025,0.011669323272203238,0.006422565703129683,0.002344783932444243,0.015119132026012314,0.006819509243123824,-0.023397312799478997,0.009890490902762889
2003-07-31,0.00013989787477955104,-0.004165921625072283,0.0049245959981159704,0.006117201983238976,0.008795376474970504,0.010675727367960986,0.0074075887819741,0.004128734436012401,-0.010508118350599099,-0.001760387739817697,0.00203657925195784,-0.028544985785320356,0.002734450772230924
2003-08-31,0.0069414638630085805,-0.009771459550592934,0.028734806996594434,-2.9981561341996428e-05,0.007933429027178267,0.009518529418505589,0.005749805330729442,0.010903434180363538,0.0014679964488365739,0.012286423633236683,0.00971649042083472,0.00991441224236155,0.006643682333188924
2003-09-30,0.014245990020597385,0.018668818990599446,0.025315310079407613,0.009704566478227528,0.01700027073088745,0.02101968695544996,0.013753354905456518,0.00861551137331163,0.010693588416229517,0.029107428970508532,0.011187732815274886,-0.01696902932732721,0.015820793495663604
2003-10-31,0.013015884996665525,0.015872326239531786,0.02156084687537328,0.005987892693794054,0.014494373265593613,0.018916767579471905,0.01025017797888782,0.011337618153272012,0.0038996902743607814,0.00020983318338955114,0.023612530463518373,0.007079975204914251,0.011337618153272012
2003-11-30,0.009982385185659956,0.011662808652315037,0.010872372883465624,0.002534855603188039,0.011267668866476382,0.011267668866476382,0.012551302713430343,0.00343149327222598,0.004426815341058082,0.004725218884327673,0.016097405720180733,0.004625760930095816,0.008001794322330598
2003-12-31,0.01843269800536538,0.006096000709417631,0.034101355868238085,0.008377408235669341,0.013910472445627839,0.01627244579055815,0.011937890683606836,0.009070717826160585,0.007088556622169374,0.017549522441359634,0.02283691359030856,0.05190257241196197,0.02205535825548848
2004-01-31,0.016257296994455255,0.013500304306814077,0.02438543262194105,0.007566742594425852,0.020770205664224994,0.023311999974345327,0.019300841634368623,0.0076659243450650436,0.011625149550601399,0.01379606021176479,0.01920280722421218,0.01024120310590722,0.015273529084322614
2004-02-29,0.013333067557286853,0.0023259655003208864,0.013234443364692499,0.007299120766990616,0.008885321159050616,0.008290790820491886,0.009875420249834023,0.004417703899334387,0.008092535466948006,0.01125991414187264,0.01677880072290849,0.06606024468605838,0.003322577103639272
2004-03-31,0.0018765102426174561,0.0032716275590843205,0.017214993136098946,-0.002020182503416736,0.0035703282134682693,0.00496308609877178,0.0019762260526417362,0.006353906907114738,-0.005831621420404373,0.008733679968754614,0.001078425603289326,-0.00955677045504732,0.0031720408438698257
2004-04-30,-0.0066565327190084185,0.0037498049363636566,-0.03449984889007878,-0.004245440532276388,0.004247391651113642,0.005738667962678939,0.003849342088687902,-0.0066565327190084185,0.012471366662228848,0.0005593735162638411,-0.014938571776945216,-0.06762068108779477,0.0023552434990757208
2004-05-31,-0.0029024691346431074,-0.013989057190983601,-0.01886562887886009,0.0014979780101785703,0.00029977517086844446,0.0019968057752983645,-0.0015002253151317046,0.0037905282293253044,0.005680417885182907,-9.99450303165566e-05,-0.004206315666079294,-0.011155334011484136,-0.001900665805015619
2004-06-30,0.002554585670572049,-0.00846867456193473,0.007822725681209019,0.007525268934184104,0.008714565407368143,0.009704566478227528,0.00841737386523328,0.0016572328011435781,0.006235266274518417,0.0039488693343535265,0.005738667962678939,-0.029650729251563167,5.9947845392426284e-05
2004-07-31,-0.0041542640890501305,-0.0030514518062444533,-0.0024504300511994743,0.0020457557717311475,-0.0010494491355713738,0.00413707755172878,-0.004455242270404195,-0.01636615324746466,0.005926164600853765,0.007117113530822027,-0.01535123384643102,-0.02074208248130742,-0.003953662282961201
2004-08-31,0.0002996254704063445,0.0016966918587001238,0.017035174752181612,0.019976930158615243,0.003390509829550937,0.0044849828505996,0.002693402795395198,0.0006989864980783331,-0.005207823487844255,-0.00862766186409259,-0.0001998002004650703,-0.01651764817168171,0.0029922224599524933
2004-09-30,0.008999886717430064,-0.0017496942499647997,0.02198324997500141,0.004336023140766514,0.011570582220530824,0.011175520486997574,0.012360237774346366,0.005230788821579083,-0.008880028250759939,-0.005961493496592015,0.022276376167925382,0.018360944384252013,0.0046343673327263355
2004-10-31,0.011669323272203238,-0.003953662282961201,0.02266707748174469,-0.0007494941265734314,0.011274300553260529,0.01737968633279577,0.006224034830927096,0.00810848864919435,0.010286060528174304,0.01107673066226918,0.013247855565253019,0.046024958250357476,0.004833214022584138
2004-11-30,0.024686036869176097,0.009273175924226948,0.02507563461443713,0.001127705239590833,0.030707811087546118,0.02488085471510688,0.036597280198781196,0.01509316769130315,0.00966882380278094,0.022442899438637795,0.03041726825464665,0.05519492650986668,0.01941155697168005
2004-12-31,0.014432954093681626,0.005337488523415025,0.01226546556038004,0.007024415244470775,0.021005149018877397,0.01747919041974491,0.024323844109710332,0.011574823729366164,0.004542654899850915,0.005635388331983415,0.02383649091521126,0.005635388331983415,0.010883704582540071
2005-01-31,-0.005004514498529894,-0.00963089306096134,0.009637910562290694,0.0018951678905587647,0.0003992812989759844,0.003886208866872672,-0.0022989664780904994,-0.0024991266068612288,-0.0006991261208610796,0.00527758257573499,-0.010034200184798649,-0.05700572863543552,-0.0014987263633637763
2005-02-28,0.012490179785210498,-0.004813354568081187,0.031242560525083552,0.008439791437212706,0.014066379500759809,0.013672562423699961,0.01495190127850474,0.002880912719204794,0.0073503048737437165,0.012194365554389004,0.018388162084519967,-0.0009088594440381858,0.008340796238399008
2005-03-31,-0.0036987096697542925,-0.018631890006911976,-0.02117655014129006,0.0020931978736690444,0.003486232924810508,0.004281382554221872,0.0031878887328506867,-0.0012979883006512074,0.0004987780042553318,0.002889455505070008,-0.013663061652765297,0.0014955882941304053,-0.0009983029680050144
2005-04-30,-0.012552255986004993,-0.033898110631943944,0.0006982892198550681,-0.004300221637346159,-0.008518365885068815,-0.0026979781541785807,-0.013360990360856834,-0.007512430783644962,-0.008417726826965467,-0.004600928300264597,-0.0177191789851029,-0.03720697519571402,-0.013158745441571067
2005-05-31,-0.0008084599279557245,-0.01792871695464845,0.004370318701548824,-0.005713129186524495,0.0031775941788780722,-0.0010081803200715444,0.006553292380504793,0.0008875548448276155,-0.014784857562804253,-0.0016075809374184083,0.002779702996865536,0.03325283934685921,-0.011650851054844138
2005-06-30,0.010817353534007562,0.007356629261324511,0.01770307816284897,-9.978546134108146e-05,0.010619920167127142,0.009829796669231254,0.011508063512624766,0.005671374835207996,-0.0074111505963746355,0.0029889431438129524,0.016722301309023566,0.03913627994949001,0.009533339332211498
2005-07-31,0.0166208812360405,0.014558316049691917,0.02034236236976789,0.0008974423497086601,0.020049064230108545,0.013968229486542779,0.025704305511153328,0.0021923277340857726,0.00755320625344664,0.007949167454422815,0.02405004541512678,0.005372612664639242,0.019951279064040317
2005-08-31,0.005775966828206626,0.0041886649076344085,0.01965619164045853,0.005577691820121769,0.005478539571763319,0.006964792012802048,0.004585726655952082,0.0029965328371814245,0.002101500208191165,0.00408937483159594,0.008152205570089978,-0.011723604783651344,0.007360753213778223
2005-09-30,0.013232894509489878,0.008004253386240452,0.037438207486179355,0.00602405471937799,0.0077074734463859484,0.009388063036738092,0.007014644201074281,-0.0006383276034103522,-0.0017364060766116237,0.021073765808258045,0.017062999854595313,0.010769960404018156,0.013036082857604854
2005-10-31,-0.017433909190557016,-0.003426525432676155,-0.03092001468906471,0.005539464098749863,-0.021093937676467656,-0.003726780651866263,-0.03421694740965358,-0.013989472596993444,-2.9918770540195757e-05,-0.011363473713946318,-0.025892558350122313,-0.022622912032739372,-0.013079692397774326
2005-11-30,0.011546499598916833,-0.007454320732171253,0.020864403316279007,-0.0013466672026934523,0.009573723263701763,0.013023532017510839,0.007102267307476649,0.0069042867089285885,-0.0089619344656377,0.007597047387829179,0.01881211820796929,0.037708944864193274,0.00977117612247338
2005-12-31,0.012826720365625816,0.006409163660738862,0.020962026199160252,0.011152255556751544,0.01125083113965949,0.01400700967349281,0.009474982212029349,0.005319029268056514,0.0013448561287791516,0.012531430240934767,0.02427554643191937,-0.028770596783045582,0.01557856485402966
2006-01-31,0.02839508942139172,0.02373443432023708,0.05260795704726926,0.010508672100975816,0.02538756835743633,0.021493482439763265,0.02926654917153266,0.012774348093568071,0.010705891310766009,0.02975036552428647,0.03755575326093855,0.023345064121605894,0.02383175318557591
2006-02-28,-1.9932031772227493e-05,0.008316757775910854,0.01206540574859853,0.0015733764112511235,-1.9932031772227493e-05,-0.0013163670176417246,0.0008766163173684013,0.0023690796559395163,-0.002814345027820295,0.008810804522781103,-0.0020151441860804357,-0.02996350033332437,0.003462138839644219
2006-03-31,0.014363117119802584,0.011018303376693692,0.009933758039920956,0.01239693481119847,0.011215367127454568,0.013478813451269668,0.00973644154362175,0.005980011661842356,0.0020105711020017188,0.006870968509375106,0.02053144333052137,0.03631640284986242,0.016619457901466406
2006-04-30,0.018353667762418566,0.0038685152490774855,0.033884944821368036,0.01639518691706555,0.013745138744989501,0.011482137828417383,0.016297162116712602,-0.0006079906098252,0.016689203678138823,0.024595154769055164,0.019526917799230895,0.025178301835828375,0.012072979795384044
2006-05-31,-0.017475587849948335,0.003180917195025272,-0.055894191168408464,0.003776214365100547,-0.0052907535444570095,-0.0004979335859490006,-0.008699619889391257,-0.005891474427559946,0.0036770227764659387,-0.010408420626855874,-0.03320143015541245,-0.03176154509742487,-0.005490953745325858
2006-06-30,-0.005052785282460945,-0.0004582905841721027,-0.005353160754056041,-0.0012558182906854077,0.0035198350002731155,0.0036190856578901852,0.0038175574259327527,-0.001954177175754883,0.002228679236653158,0.00043816846286491313,-0.014103530894803297,-0.02456313374255229,-0.003952179838427941
2006-07-31,-0.0010962181575119886,0.0038769371091577406,0.015712562004797974,0.008529259284134234,-0.0035921012482105653,-0.004892426512701612,-0.0028926258262363925,0.0005974310642697673,-0.0015948966698160053,0.009516328755254844,-0.0044921463112197,-0.028592138137770146,-0.002093823986457191
2006-08-31,0.004332624632680401,0.005917882073552476,0.009968670599332664,-0.0010362488721464406,0.006313804082089642,0.0073029238462142074,0.006115862672100536,-0.000637564525193124,-0.004331473782116007,-0.011861251841390232,0.01115116975170802,0.009672827196948118,0.0016517909762783986
2006-09-30,-0.002692865537917328,0.007442356356125713,-0.008502176747423476,-0.0019940186068643988,0.001990050408010012,0.0009955202415015112,0.002884282669894607,-0.0017944377260502554,-0.004192041272204502,-0.003792041266871212,-0.0030924260267014628,-0.015558657641002862,-0.0007971303730181681
2006-10-31,0.013592999377320922,0.0028248044405957285,0.024246474520250794,-5.9765123084087445e-05,0.01810281094240337,0.022202777638423238,0.01663445376996037,-0.00555346120540182,0.003420574490985216,0.006789916693474088,0.017711459797598413,0.013199878979137717,0.012019589671270724
2006-11-30,0.01629746180884755,0.006353009257203044,0.02682284891070149,0.005462052409670294,0.01649338657436455,0.011583714496894187,0.019427660980165976,0.025464680289042623,0.007342031195205032,0.01010610008235634,0.02147654213010976,0.017765962733574087,0.018157199045293716
2006-12-31,0.014142548925945221,0.010798064203097889,0.024012175140059887,0.004769484399035214,0.01168445811547016,0.012668419623569713,0.011782897845824782,0.0008960128032384097,0.003182182478462996,0.009516328755254844,0.016594612338850855,0.03570934558201459,0.013553157946211408
2007-01-31,0.008821983170842046,0.007538222563980958,-0.0035906681307286098,0.0016911220145750996,0.016000341346441127,0.012565092348120515,0.019619104159059,-0.002392345638619796,-0.0031910677258106673,0.008427155409321489,0.007044029324370316,0.017958055362468913,0.012466768765129952
2007-02-28,0.0035799560907168945,0.007740437574976822,0.007443833687291505,0.000896191247435207,0.011588303799606129,0.008234581974022192,0.014145346892316736,0.007641579386966907,0.008234581974022192,0.0011947432723427055,0.0032821154332657223,-0.048580981028830274,0.00813577262657755
2007-03-31,0.008152461620021357,0.0026056962102131223,0.015239105451012841,0.012194066017453684,0.00844874328729165,0.00844874328729165,0.008349992484861145,0.008646215641803796,0.004788453302661254,0.007856092143907908,0.014356016545073014,-0.02989943664154177,0.003995274597582854
2007-04-30,0.015608338205396269,0.0011940299926078094,0.01776245633984043,0.005658987551708584,0.0106952891167481,0.011187681662025608,0.00990695639953154,0.016881786974246915,0.005559982551875238,0.012565092348120515,0.024197108550619618,0.0350226540555422,0.01236843551366177
2007-05-31,0.018885054064329186,0.00787757191514928,0.01310157472739968,0.0035198350002731155,0.02793400902389379,0.01663445376996037,0.03824486886136034,-0.0035522598171010495,-0.0015550552387064895,0.013789501637729185,0.018885054064329186,0.04607531376122013,0.01868955064239663
2007-06-30,0.0037876762037885687,-0.0011859737585709369,0.014152509134910552,0.0016023172333285386,0.003291422905926345,0.005473097710183073,0.0020994092552958287,-0.003982061060572125,-0.001884262978426005,0.00814411873726843,0.00020914355789592755,0.025867960908313167,-0.0002888892229545182
2007-07-31,-0.003982061060572125,-0.015144125766764042,0.0211982374697262,9.960208965331847e-06,0.005671195967566221,-0.00638494567688244,0.01385785706775889,0.0003087203565841209,-0.02377668838875162,0.005572151744239587,-0.010905976133396323,-0.05306726875106354,-0.006585446930687053
2007-08-31,-0.019549706507829605,-0.014990197114324907,-0.028116816529960273,-0.008039078610466039,-0.02311042037725182,-0.021582847393204818,-0.02464033041098941,-0.010652670769714425,-0.01286951972273426,-0.010350753593365795,-0.018027558971560314,-0.05132788861042366,-0.018230378158950608
2007-09-30,0.023514502434007004,0.016283671632428505,0.043372490621167756,0.009691430510931721,0.012648554400675655,0.00811071490813117,0.014811567730484067,0.02846765197687522,0.015106161929108911,0.03695699487721726,0.029339196117648073,0.04680269884403356,0.014320384460134356
2007-10-31,0.027896168123110278,0.018350951012618133,0.05013634859505209,0.011673785591808107,0.02546980695796641,0.010786692733871159,0.034466240065746036,0.017861498699973857,0.008219550723720718,0.023621827051617333,0.033406356553702964,0.03658264297212361,0.02653813124740535
2007-11-30,-0.015528168744282436,-0.018264980548327914,-0.022027633078194928,0.00223001048132699,-0.020297088542885696,-0.016439607361229153,-0.02294501757757782,-0.01138653950983794,-0.00585749803069215,-0.005055814452331244,-0.020602261222127063,-0.012899780656105059,-0.01481984592185177
2007-12-31,0.0018929021841302815,-0.00680410869954001,0.010317551843382015,0.001992429429795906,0.00039880359451810064,-0.0021962672300336384,0.00219145420903778,-0.009116016046820535,-0.0006982892198550681,0.01209252519174937,0.0013951173164668644,0.00039880359451810064,-0.005900902255479944
2008-01-31,-0.01700841081790036,-0.0074118929059148846,-0.029160717631835194,0.004778505857285944,-0.02680041072251793,-0.019243956917116636,-0.03193864009316734,-0.003098298415729654,0.0006982892198550681,0.0413447597606906,-0.04344076161652855,0.038372134471566996,-0.02036360688903866
2008-02-29,0.014572748595991256,-0.014382948472002196,0.01624441425888787,0.00924413918477235,0.007065057498421954,0.0002995357218741033,0.011122259639964282,0.011122259639964282,-0.008020897222594378,0.03887882558486267,0.018991668734026572,0.06260810906058502,-0.004102672488022232
2008-03-31,-0.023124168656131826,-0.06292938194561072,-0.035355165470222154,-0.0016983869410461,-0.01914802027649239,-0.012252839845238271,-0.02414624560528702,0.014271798236115062,-0.0682587486416492,-0.01894454077634991,-0.0226135216552994,-0.007112476765148162,-0.02087926975417135
2008-04-30,0.003925363453434467,0.009280394100353207,-5.989637928172954e-05,0.00133675189243928,0.0033285860336939675,0.0006386715848582098,0.005018531264160428,0.007003052653709429,0.01873021341245236,-0.017786214092060493,0.020003038766649467,-0.023492945160869336,0.004819862345259265
2008-05-31,0.01812403691762464,0.013210022115195468,0.019495644852851476,0.009261349659779173,0.01704502361954742,0.013210022115195468,0.02008290140295762,-0.0034802123251833003,0.0108426901751166,0.016161327749775925,0.02700604348135377,0.012618714322269303,0.010249980486718721
2008-06-30,-0.0016785903785550913,-0.005285085972666835,-0.01770635145575234,0.003806339852014654,-0.0031797165048221827,-0.006791639765378106,-0.0007789951357190974,-0.002879310955073968,-0.006389670108674314,0.01812403691762464,-0.015067827497571143,0.04510957112020389,-0.0011787153369040985
2008-07-31,-0.027985465431000542,-0.02317111554313088,-0.03034989727013664,-0.002138995488049499,-0.02716436305498977,-0.027780126621244166,-0.02716436305498977,-0.005446440247034115,-0.00524567734734355,-0.028293552724836652,-0.036440867425281916,-0.04444631642729359,-0.0265489784201848
2008-08-31,-0.01606832251987078,-0.007881083175049524,-0.04208120138641772,-0.007176680630200177,-0.002860488233136434,-0.0019594519805559807,-0.0032612095368356343,-0.012927011733844656,-0.008283821803127022,-0.015053917888351816,-0.022584993580914984,-0.026371907681237882,-0.013939260023537039
2008-09-30,-0.0692125726941946,-0.1322612108576986,-0.09501066501603916,-0.01566927000881648,-0.0606882802676463,-0.05465874912179413,-0.06515447229380812,-0.03699247667672182,-0.071891384904221,-0.07006901209993195,-0.08278744178526352,-0.007185227603784273,-0.07781015386439767
2008-10-31,-0.06599157380309854,-0.13548007045507854,-0.14744936975528086,-0.019389093343045054,-0.053160688905074215,-0.05918448519135947,-0.04979474484152042,-0.03199753263024513,-0.15220769127316536,-0.053582229642689654,-0.07488909725955818,0.047489562148303896,-0.07284531663097267
2008-11-30,-0.04257569844872377,-0.019168948550088775,-0.019067037721975103,-0.5185438721390683,-0.03281648477938009,-0.0514832763398365,-0.022128889471039883,-0.00039000195495296475,-0.05781909478892234,0.01509264157887106,-0.014390331353427321,0.031502464780203805,-0.04759610434955627
2008-12-31,-0.00030004500900199243,-0.009848336054814406,0.0021975835434872013,0.0040916179032535575,-0.012680053157374483,-0.025728148572731223,-0.004912044361020641,0.015873349156290163,-0.008032171697264267,0.011038847115216448,0.010544213875671097,0.02342351494358811,-0.015316704111893288
2009-01-31,0.010841023177874769,0.05562390374799701,-0.0014009809156281003,0.011335509663745679,0.007868958378695197,-0.0006001800720324606,0.0132123314721349,0.0037927982386962624,0.004788516731797094,0.023032699110572784,-0.0017014466397575704,-0.005615738785635745,0.03295110013968598
2009-02-28,-0.009028930619490312,0.0072820328864151365,-0.021413618403912607,-0.05792503260352429,-0.01155431203133568,-0.01226256318655517,-0.011453174230996635,0.006686321987146144,0.009859353900715517,0.0019078161298601997,-0.013680572134785065,-0.0017912633192597993,-0.0010903871954500751
2009-03-31,0.006258990294160217,0.011115533860196822,0.021932828837584427,0.010719964234785407,0.0013787455601482167,0.00097930477193333,0.0013787455601482167,0.016145378282715374,0.017030377602978816,7.997920544908568e-05,0.018209159664818286,-0.022261106680429136,0.0035728224351474058
2009-04-30,0.016450462940020612,0.04399827671123373,0.05019792459075921,0.012607525757527785,0.014481570789903125,0.017629940175244458,0.01241005340301564,0.006964225794913895,0.018906139239143586,0.001688219329993708,0.024872802414376685,-0.033146478199351403,0.021942826688046726
2009-05-31,0.03979746987406606,0.05647484692797899,0.06728474680559626,0.035656677208034684,0.04133386349297721,0.04066198171888972,0.04219704869978828,0.01833095668472342,0.04238876649178652,0.014593002302900086,0.050978244764629456,0.008464078412129364,0.04190940307720956
2009-06-30,0.004290781417156246,0.039701366851552046,0.006876303939432064,-0.0021022080918701985,0.010148331051815136,0.014297304700824394,0.007074913671961985,0.008860628432196467,0.018134570195482678,-0.008536331022286335,-0.00040008002133969133,-0.023473356185642127,0.01607018017749446
2009-07-31,0.024862804563914386,0.05616035763255883,0.037364784523722355,0.01752170567260827,0.022812723307023927,0.022030633131270867,0.02359420229570603,0.010917768606907165,0.035629677090148346,0.017423459369046424,0.02924173434607019,-0.00452924739164726,0.02924173434607019
2009-08-31,0.014974157371953498,0.033128081657423855,0.010334235922584539,0.012804959124408205,0.021257928662154417,0.020768428432105256,0.021845012827744755,0.00924518081766864,0.023311217088259308,0.008353252707401256,0.013890146425695069,0.008947959831679167,0.01398874144672637
2009-09-30,0.0299470763679521,0.031789322489407336,0.04821857227047444,0.009554212804811711,0.028490270399627426,0.033241333779801936,0.024887715507778883,0.015873349156290163,0.02732329564889041,0.02732329564889041,0.031789322489407336,0.029267497680568143,0.028198654358678736
2009-10-31,0.0012991557316201288,0.021370025736192545,0.008959741371471801,-0.00350613932928759,0.004290781417156246,0.007074913671961985,0.00209779808214612,0.0015987213636970735,0.01921421892380437,0.00209779808214612,-0.012173800931708762,-0.021938907518753964,0.011137744410456021
2009-11-30,0.02088047757935513,0.007968169649176881,0.013607003406216947,0.0007996801705642441,0.021370025736192545,0.020586633608388312,0.022348403663761767,0.010247316451549499,0.01695544064941337,0.034594644764498965,0.01901800583576195,0.04821857227047444,0.009554212804811711
2009-12-31,0.00876150566857267,0.021957167352042138,0.019508466388043013,-0.008738065943285299,0.022543964434894436,0.02479016880721869,0.02107632560191631,0.0037927982386962624,0.007571265496318126,-0.014403230310743743,0.016758783814954624,-0.05129329438755058,0.011730922875698699
2010-01-31,0.001698556635581512,0.009653257028138346,-0.007629027164491163,0.0009995003330834232,0.014100124378781626,0.019998686506689123,0.008959741371471801,0.003992021269537457,0.019998686506689123,0.01064316009847976,-0.015113637810048184,-0.03884478382356719,0.0055843782939006634
2010-02-28,0.006776984279023669,0.0046889894861314695,-0.004510155477886019,-0.013591953519466972,0.004390348301292854,0.002895803112025468,0.005683816468297709,0.002995508979798371,0.0006997551142732649,0.010939940038334263,0.013113639145383204,0.017938145131012998,0.0055843782939006634
2010-03-31,0.021957167352042138,0.02039068964773398,0.03816246109434886,0.005385472276337888,0.02810143011087478,0.0260575343192896,0.030238183060609946,0.006876303939432064,0.014297304700824394,0.0037927982386962624,0.02946171014961905,0.04162167469081945,0.014297304700824394
2010-04-30,0.012113771735745345,0.016548805861868066,0.00983935789991488,0.004080803464069688,0.018513636045015953,0.016548805861868066,0.020474613239746045,-0.0012104782866700918,0.017138660381526515,0.016155376133177673,0.002685825158938911,0.018513636045015953,0.009344234851725154
2010-05-31,-0.028188016542834957,-0.025620357349577468,-0.043942902950584985,-0.033756763531509,-0.03138109748624098,-0.025517787986956142,-0.036138086808295396,-0.015516684114559533,-0.008131350328946525,-0.006519908747485592,-0.0423770589018524,-0.04133452336122129,-0.022343344688356102
2010-06-30,-0.008655454624650432,-0.00011998080321555944,-0.0005200208125508492,-0.01016930665721696,-0.01614612635380811,-0.011280923162973805,-0.0201166075180055,0.0007795245295345665,0.008937961981216868,0.005364402490351807,-0.021137224058937164,0.003971228814919196,-0.008352959033737848
2010-07-31,0.015564941162275681,0.02174718939895558,0.03438466681141241,0.016352110345891673,0.015269592895299817,0.010729962085247706,0.01861177628750111,0.015761791556612108,0.011718592912187254,0.006268988144622516,0.024775274740822043,-0.015323615763134742,0.016253748077578473
2010-08-31,0.0020773832451346018,0.013189711106368884,0.00097930477193333,-0.015841356706505636,-0.0042279972010876785,-0.006640543606471551,-0.0026228604198591716,0.002875229103753665,0.012103773885283046,0.014471572939440826,-0.011483168082259571,0.047331326054673495,-0.00011998080321555944
2010-09-30,0.03351489144853434,0.01082886916212989,0.046387307423695706,0.035736148820382535,0.03128868910628446,0.020278688474229044,0.039299155141625935,0.02262725594967057,0.015171124085215834,0.026626676000473228,0.04943696193632716,0.027113317695803853,0.027307908083652722
2010-10-31,0.018808027882675393,0.019396551685831792,0.02164935639980697,0.00904704330959029,0.017629940175244458,0.012903661192296646,0.021257928662154417,-0.00642927776700339,0.010729962085247706,0.015860202224407902,0.019592649343093172,0.041795316191943516,0.01988672374603584
2010-11-30,-0.002011599899714766,0.00018994206824033398,-0.004017216296040624,-0.02563035529999778,0.0012888981706493914,0.003084588996343554,0.00018994206824033398,-0.014714664155968246,0.007162776376326599,-0.005423545005973991,0.004379474380720666,-0.042178462775588135,0.0027855310267118137
2010-12-31,0.028367481048363615,0.011313260010124228,0.014668636690201702,0.017030377602978816,0.03832743380868997,0.026714025436532184,0.0464727521884335,0.011115533860196822,0.005861494512319097,0.026129799519233107,0.0334082051764352,0.052562209635420624,0.01663714126287395
2011-01-31,0.006876303939432064,0.021370025736192545,-0.0039076248310170765,0.017741681476157126,0.017839918128331016,0.018821754240587667,0.017250353406527672,0.008860628432196467,0.01666044089310717,-0.0077297980619412685,0.002696361547742533,-0.008233804927103542,0.01960652963891835
2011-02-28,0.013515665103826046,0.028397474899626553,-0.0008902270666793459,0.004996544735014234,0.014107322748538473,0.008373248708201893,0.0184354821708789,0.007678976426409277,0.009067039310390927,0.012528790455488692,0.016863772613541703,0.025477764796291894,0.013614299024111159
2011-03-31,0.001199280575482187,-0.006118681008177177,0.020978406385191814,0.011038847115216448,-0.0026033858701149278,-0.0010005003335835344,-0.003706861931326512,0.005882663158155512,-0.0031048149534787565,0.0014988761237359487,0.002796087302001188,-0.027988036540168713,0.007868958378695197
2011-04-30,0.017839918128331016,0.0005998200719675495,0.02293497128249599,0.03314459859230209,0.011335509663745679,0.011335509663745679,0.011236631925987768,0.017250353406527672,0.009157937784765724,0.024302292522964817,0.016857117066422806,0.05259245011917063,0.008464078412129364
2011-05-31,-0.00964637705180545,0.0001999800026662447,-0.011060947359424948,-0.010353412079491597,-0.006118681008177177,9.999500033329732e-05,-0.009848336054814406,-0.010555513939516587,0.00209779808214612,-0.0063199287448193475,-0.016942720730312024,-0.045415863530482575,-0.0005001250416822429
2011-06-30,-0.013693327132002567,-0.008637193395663588,-0.006521216990265463,-0.002904213147389827,-0.021836694609174406,-0.007024614936964466,-0.03128429003976644,-0.00040008002133969133,0.0005998200719675495,-0.011162064706191917,-0.015012120120503621,-0.031181117483574737,-0.006420567802922695
2011-07-31,0.006876303939432064,-0.0014009809156281003,0.01656208829897823,-0.0018016219466282088,-0.007830579115188564,-0.0026033858701149278,-0.010757656652960208,-0.0077297980619412685,0.005484930230569745,0.0249852526939086,-0.004108428044543191,0.03950913309471249,0.006081470315867954
2011-08-31,-0.02326862693935433,-0.017451393613755858,-0.03200679613508645,-0.008939841569474296,-0.05519563546795001,-0.045101973912420185,-0.06166266039210687,-0.009242581366932545,-0.002703651574314823,0.018919884852510768,-0.045415863530482575,0.002496880198587146,-0.019488676583862413
2011-09-30,-0.03252319170556006,-0.017858518301313193,-0.07763726972715247,-0.02245012883759187,-0.05192507286491937,-0.03334997968155407,-0.06347242295557354,-0.016434306463424773,-0.0019018072895963312,-0.0007002451143934259,-0.053611769448649156,-0.007830579115188564,-0.023985362750511312
2011-10-31,0.01715205881756566,0.011730922875698699,0.036331929247390204,0.027225986253591527,0.025277807184268607,0.01970458327433543,0.028587456851912472,0.018919884852510768,0.0013990209137074087,0.0017983819413793973,0.04353830201448341,-0.05192507286491937,0.020292703267762394
2011-11-30,-0.00793137032628028,-0.006018072325563021,-0.027268427154193777,0.0008995952428359939,-0.010555513939516587,-0.012072581234269249,-0.009747351454880074,-0.002703651574314823,0.004987541511038968,-0.00030004500900199243,-0.01491061273575424,0.0017983819413793973,-0.008939841569474296
2011-12-31,-0.0022024235552000394,0.006180859075081099,-0.007024614936964466,-0.004912044361020641,-0.008132983230188991,-0.0005001250416822429,-0.012578782206860073,-0.0039076248310170765,0.0037927982386962624,0.004290781417156246,-0.008838948667204392,0.007868958378695197,0.0013990209137074087
2012-01-31,0.023130417388854466,0.023325825303496757,0.03671758293516286,0.001698556635581512,0.02761516703297339,0.023716526617316065,0.029850021968885292,0.009653257028138346,0.011632084229707696,0.012126179797840555,0.038354953876463906,0.01143437762566317,0.02439988682353512
2012-02-29,0.015971769509698665,0.01862546412316482,0.028781801425451947,0.0132123314721349,0.015676479385007616,0.01872361399810251,0.014198719399812928,0.009157937784765724,0.009950330853168092,0.007868958378695197,0.0260575343192896,0.012027380212718455,0.01705375456582762
2012-03-31,0.0004998750416509929,0.005484930230569745,-0.007024614936964466,-0.0015011261262670914,0.007868958378695197,0.014691548742989682,0.004489905272852001,0.0017983819413793973,0.007372754329413157,-0.004309271588098403,0.004987541511038968,-0.030046921352296637,0.004489905272852001
2012-04-30,-0.00040008002133969133,-0.002302649062675558,0.0014988761237359487,-0.004108428044543191,-0.002302649062675558,0.0013990209137074087,-0.004108428044543191,-0.004711079730119223,0.006876303939432064,-0.002503130218118477,-0.004610612557683294,0.004290781417156246,0.005783244755727361
2012-05-31,-0.013389237119016052,-0.008435478821101575,-0.038636883614918176,-0.03231660147654312,-0.013287894326935407,-0.01247752151111258,-0.013693327132002567,-0.015418252728380644,0.0023971245997214514,0.0018981972830802655,-0.04635812397814956,0.023521195041345866,-0.01176898359999889
2012-06-30,-0.004008021397538822,0.0032945669494301114,-0.0013008457330480696,0.009257021262676848,-0.0018016219466282088,-0.002302649062675558,-0.0016012813669738792,0.005286004429237438,0.007571265496318126,-0.01379471102218926,0.003493889254255838,-0.03624913267512103,0.004788516731797094
2012-07-31,0.014100124378781626,0.008563230660487814,0.009554212804811711,-0.004008021397538822,0.007372754329413157,0.009455158770755197,0.006578315360122507,-0.005113049386823014,0.01607018017749446,0.021174235231406567,0.005484930230569745,0.0457378916738537,0.012718772407774612
2012-08-31,0.008364916331627672,0.004390348301292854,0.008364916331627672,0.01242251999855711,0.011730922875698699,0.00876150566857267,0.013113639145383204,0.005186526687300154,0.010148331051815136,0.0037927982386962624,0.014987129808248238,-0.01562138090295678,0.0135083500247923
2012-09-30,0.010346292054144267,0.003992021269537457,0.021859334352893528,0.0055843782939006634,0.01656208829897823,0.01764343517259528,0.01607018017749446,0.0040916179032535575,0.012521280553671691,0.005982071677547469,0.015578029963318462,-0.01379471102218926,0.007968169649176881
2012-10-31,-0.0018016219466282088,0.002496880198587146,0.003493889254255838,-0.004208844774054682,0.009058844488346146,0.010247316451549499,0.00876150566857267,-0.0077297980619412685,0.008662373078652587,-0.007326775386460855,-0.0021022080918701985,-0.047510982671051735,0.003394233068015617
2012-11-30,0.006379606964038988,0.0021975835434872013,0.010939940038334263,0.0038924147153438535,0.002995508979798371,0.002596625847265914,0.0030952049073025216,0.010445257861538604,0.004788516731797094,0.007174203748000453,0.00727348396649847,0.005783244755727361,0.009950330853168092
2012-12-31,0.014491568740323438,0.013505667053445723,0.02332121503867962,0.008363250657821569,0.019406549636252105,0.018719904849844524,0.01970068170366993,0.014787149805581993,0.006577004276357425,0.012420051353435954,0.015476499382341372,0.010542116529235784,0.013407023403550702
2013-01-31,0.020488666427315602,0.019900661706336174,0.033918218203460644,0.01970458327433543,0.02127213527553977,0.016758783814954624,0.023618865598634027,-0.00030004500900199243,0.010544213875671097,0.00876150566857267,0.034787825485664024,0.026349775322781963,0.020488666427315602
2013-02-28,0.0023971245997214514,-0.0007002451143934259,0.004888034072775866,-0.012882625831013718,0.004589452333807224,0.010346292054144267,0.0018981972830802655,-0.0006001800720324606,0.004888034072775866,0.002895803112025468,0.001199280575482187,-0.0077297980619412685,0.0037927982386962624
2013-03-31,0.012027380212718455,0.007174203748000453,0.005484930230569745,0.0004998750416509929,0.02088047757935513,0.021565777914560585,0.020586633608388312,0.0038924147153438535,0.006081470315867954,0.009653257028138346,0.013705647056111967,0.017250353406527672,0.006180859075081099
2013-04-30,0.01380428097639708,0.0013990209137074087,0.01607018017749446,0.010049335853001438,0.011928570865273812,0.013311014059672416,0.011236631925987768,0.0064789660977090735,0.003394233068015617,0.017545179215748864,0.012521280553671691,0.03440142671733232,0.010841023177874769
2013-05-31,0.004191204618468052,0.01291622526654623,-0.0020020026706730793,0.003992021269537457,0.022446188829829995,0.023521195041345866,0.022054990780831313,0.007968169649176881,9.999500033329732e-05,-0.0005001250416822429,0.011829751753577221,-0.051082790229316055,0.0036931718376176067
2013-06-30,-0.016739324004297996,-0.0033054570087264813,-0.026754737308819613,0.005683816468297709,-0.013186561804175559,-0.008637193395663588,-0.015418252728380644,0.001698556635581512,-0.011465478109278096,-0.02511270081507533,-0.0063199287448193475,-0.055724148772361676,-0.007427515828796584
2013-07-31,0.00876150566857267,-0.0008003201707691552,-0.0009004052431641551,0.019998686506689123,0.014987129808248238,0.013014937077494763,0.015971769509698665,0.009851316050374202,0.0037927982386962624,0.002596625847265914,0.019312311032372884,-0.010656580188528888,0.011533235813673085
2013-08-31,-0.005414632701498842,0.007174203748000453,-0.002402884616310315,-0.017349638335112993,-0.00040008002133969133,-0.004811556997222082,0.0015987213636970735,9.999500033329732e-05,0.00209779808214612,-0.009242581366932545,-0.011162064706191917,-0.02809088016652561,0.0007996801705642441
2013-09-30,0.012620031356102198,0.0023971245997214514,0.012718772407774612,0.009058844488346146,0.01439588028373234,0.013705647056111967,0.014790085472635345,0.008067371077758793,0.005087039048557209,0.008364916331627672,0.0260575343192896,-0.0015011261262670914,0.014100124378781626
2013-10-31,0.01577491911536224,0.009157937784765724,0.019900661706336174,0.011632084229707696,0.01439588028373234,0.015184135325040055,0.01400151963581361,0.005683816468297709,0.006081470315867954,0.010049335853001438,0.025082780367463243,0.029170377299779924,0.017545179215748864
2013-11-30,0.013014937077494763,-0.0020020026706730793,0.010742096531902029,0.025570276111530045,0.01666044089310717,0.015381102038302391,0.017250353406527672,0.0009995003330834232,0.004987541511038968,0.010247316451549499,0.01833095668472342,0.020684591192832603,0.008563230660487814
2013-12-31,0.011829751753577221,0.005385472276337888,0.012718772407774612,0.01291622526654623,0.015971769509698665,0.01921421892380437,0.014593002302900086,0.0038924147153438535,0.0017983819413793973,0.007074913671961985,0.017839918128331016,0.0009995003330834232,0.01616858116158369
2014-01-31,-0.002904213147389827,0.020684591192832603,-0.02296161163734704,0.0007996801705642441,0.002895803112025468,0.003992021269537457,0.0023971245997214514,0.004888034072775866,0.009950330853168092,-0.010555513939516587,-0.0008003201707691552,-0.03479850554269554,0.008067371077758793
2014-02-28,0.01705375456582762,0.0013990209137074087,0.017741681476157126,0.002596625847265914,0.027128667388252696,0.020194707285519253,0.030335199796072885,0.009257021262676848,0.006578315360122507,0.006876303939432064,0.02839307450121783,0.009356094924025029,0.01400151963581361
2014-03-31,-0.004811556997222082,0.0021975835434872013,-0.015215165806480377,-0.005917473764037623,-0.0014009809156281003,0.005982071677547469,-0.004811556997222082,-0.006823225348125537,0.0040916179032535575,-0.002402884616310315,-0.011971371781219958,-0.01836765735818493,-0.0026033858701149278
2014-04-30,-0.0021022080918701985,0.0032945669494301114,-0.005816885321564851,-0.007024614936964466,0.00029995500899794244,0.0036931718376176067,-0.0014009809156281003,0.005484930230569745,0.004390348301292854,9.999500033329732e-05,-0.010353412079491597,0.004191204618468052,-0.004309271588098403
2014-05-31,0.011236631925987768,-0.005213567052887434,0.01340968690991774,-0.002703651574314823,0.01064316009847976,0.01439588028373234,0.008959741371471801,0.0055843782939006634,0.004489905272852001,0.010148331051815136,0.014987129808248238,0.030432207120201914,0.008860628432196467
2014-06-30,0.009554212804811711,0.0004998750416509929,0.011335509663745679,0.006975613736425138,0.01646372603066503,0.01400151963581361,0.017545179215748864,0.012620031356102198,0.003992021269537457,0.005286004429237438,0.010049335853001438,0.015282623531156982,0.004489905272852001
2014-07-31,-0.0031048149534787565,0.0005998200719675495,0.004489905272852001,-0.007024614936964466,-0.005917473764037623,-0.0019018072895963312,-0.0077297980619412685,-0.014098924379501648,0.002995508979798371,-0.00010000500033334732,-0.009747351454880074,-0.010353412079491597,0.0012991557316201288
2014-08-31,0.00876150566857267,-0.0028039273327342593,0.0030952049073025216,-0.0002000200026670447,0.001199280575482187,-0.004811556997222082,0.0037927982386962624,0.0021975835434872013,0.0017983819413793973,0.011236631925987768,0.012817503710614343,0.04898062222162188,0.008265744417032593
2014-09-30,-0.00010000500033334732,-0.006923915072824198,0.0013990209137074087,-0.0028039273327342593,-0.01379471102218926,-0.007024614936964466,-0.01663764115302325,-0.015012120120503621,0.004191204618468052,0.005385472276337888,-0.0018016219466282088,0.01705375456582762,0.009752291442678302
2014-10-31,-0.008032171697264267,-0.018062142818408518,-0.011263192278710714,0.004489905272852001,-0.021836694609174406,-0.019794627328179493,-0.02265469056480615,-0.02378052866540339,-0.0010005003335835344,-0.009242581366932545,9.999500033329732e-05,0.017938145131012998,-0.004912044361020641
2014-11-30,0.014888612493750559,-0.0010005003335835344,0.01695544064941337,0.005683816468297709,0.005484930230569745,0.0013990209137074087,0.00727348396649847,0.005683816468297709,0.00209779808214612,0.01636535408626423,0.01872361399810251,0.07232066157962608,0.012126179797840555
2014-12-31,9.999500033329732e-05,-0.011566636371465405,0.0018981972830802655,-0.006923915072824198,-0.005515180688110111,-0.004912044361020641,-0.005716306996109192,0.0007996801705642441,-0.0007002451143934259,-0.002503130218118477,0.003493889254255838,0.01656208829897823,0.0040916179032535575
2015-01-31,0.008067371077758793,-0.0021022080918701985,0.006578315360122507,-0.003706861931326512,-0.01005033585350145,-0.010555513939516587,-0.009949330853668103,-0.008536331022286335,-0.008132983230188991,0.02654455522211221,0.002796087302001188,0.05845756957156869,0.011829751753577221
2015-02-28,0.010544213875671097,0.009455158770755197,-0.00040008002133969133,-0.019182819416773987,0.022250608934819723,0.012224969622568948,0.026349775322781963,0.014888612493750559,0.007372754329413157,0.004191204618468052,0.01970458327433543,-0.011566636371465405,0.007174203748000453
2015-03-31,0.005982071677547469,-0.002703651574314823,0.007372754329413157,-0.0021022080918701985,0.003593535510130218,0.0008995952428359939,0.004788516731797094,0.0003999200213268913,-0.0008003201707691552,0.01291622526654623,-0.004208844774054682,0.023716526617316065,0.010445257861538604
2015-04-30,0.0001999800026662447,0.02693400124008104,0.03304785404620042,-0.004409708488700073,0.008464078412129364,0.005683816468297709,0.009554212804811711,0.008067371077758793,0.006280237957150456,-0.0075282664207915245,-0.0002000200026670447,-0.043847399780276325,9.999500033329732e-05
2015-05-31,0.008265744417032593,0.005186526687300154,0.0036931718376176067,0.009950330853168092,0.008464078412129364,0.0030952049073025216,0.010346292054144267,0.010544213875671097,0.004788516731797094,0.007074913671961985,0.02127213527553977,-0.008435478821101575,0.0064789660977090735
2015-06-30,-0.013186561804175559,-0.0075282664207915245,-0.02275698712261618,0.015381102038302391,-0.01247752151111258,-0.012275030875612578,-0.012578782206860073,-0.0017014466397575704,-0.0021022080918701985,-0.017756721589258985,-0.004610612557683294,-0.05985616715336565,-0.004208844774054682
2015-07-31,0.008662373078652587,-0.010454457903858873,-0.020304753340364273,0.0055843782939006634,0.0017983819413793973,-0.007427515828796584,0.005286004429237438,-0.007629027164491163,0.002995508979798371,0.012521280553671691,0.015085637418040953,0.04238876649178652,0.009950330853168092
2015-08-31,-0.02010067170700291,-0.002402884616310315,-0.029016949070492563,0.009455158770755197,-0.02850236047271215,-0.014504686202881688,-0.033763630152809115,-0.006722545760826811,-0.00040008002133969133,-0.026652030997426513,-0.0192847614118671,-0.027988036540168713,-0.004912044361020641
2015-09-30,-0.0142003494011414,-0.002503130218118477,-0.008032171697264267,0.006180859075081099,-0.03500560919881529,-0.01379471102218926,-0.04311629107362808,-0.013186561804175559,-0.004510155477886019,-0.01582455034697146,-0.011263192278710714,0.02829586915484725,-0.004309271588098403
2015-10-31,0.005286004429237438,0.009356094924025029,0.027128667388252696,-0.005917473764037623,0.0013990209137074087,-0.0030045090202987243,0.0030952049073025216,-0.00010000500033334732,-0.0020020026706730793,0.012817503710614343,0.01705375456582762,-0.02511270081507533,0.0006997551142732649
2015-11-30,0.001998002662673058,-0.007326775386460855,0.0014988761237359487,-0.010353412079491597,-0.01176898359999889,-0.0075282664207915245,-0.013389237119016052,-0.004912044361020641,0.0007996801705642441,0.01400151963581361,-0.001200720576518877,0.03662118345564541,0.0022973590486834584
2015-12-31,-0.008536331022286335,-0.007830579115188564,-0.001200720576518877,0.015873349156290163,-0.01308523954865548,-0.007125324942588627,-0.015519811658036807,0.013014937077494763,0.0014988761237359487,-0.02071304159754157,-0.00010000500033334732,-0.022143364685689858,0.00209779808214612
2016-01-31,-0.0142003494011414,-0.019896631714456645,-0.035109177113567896,-0.01176898359999889,-0.03087166366708703,-0.013693327132002567,-0.037909573073220175,0.005882663158155512,-0.007629027164491163,-0.005716306996109192,-0.028193734370781983,0.03941300235683506,-0.004811556997222082
2016-02-29,-0.01105872333754219,-0.0011003852458303998,-0.008938045945951543,-0.0075267553891271,-0.018465788809558785,-0.011867784870348345,-0.021321476624777663,0.0018978180794798753,-0.010755493942182831,-0.015821360905623024,-0.01795670159192523,0.03158934248674109,-0.00863545882376782
2016-03-31,0.0026758273084766114,0.01663714126287395,0.031181787335982786,0.015259595044837518,0.0027755331762495143,0.0054638406647488525,0.0014785808320326552,0.012794961273945906,0.005662687354606655,-0.0015208215365969265,0.00645767894969164,-0.028928139940292596,0.0071527785258643
2016-04-30,0.003394233068015617,0.014691548742989682,0.012027380212718455,-0.008738065943285299,0.01656208829897823,0.01607018017749446,0.01705375456582762,-0.002302649062675558,0.014100124378781626,0.002496880198587146,-0.007024614936964466,-0.03087166366708703,0.003992021269537457
2016-05-31,0.003383557557043661,0.005573266802640803,-0.0023121860449567557,0.0018878201290595626,0.00983935789991488,0.007758191696090324,0.01082886916212989,0.004578538778710536,0.0009893026223956295,-0.002512627015762115,0.01349566910302541,-0.032733169658646616,0.009146116970938471
2016-06-30,-0.0012204761371323912,0.005364402490351807,0.007450530500670884,-0.025845523442521588,-0.005735156491658968,-0.005031532800770938,-0.006137449567586479,0.0030745911458812548,-0.005232517627093143,0.006656328135883207,-0.01909703157323804,0.040825993632452165,-0.0012204761371323912
2016-07-31,0.011234397622996925,0.014491568740323438,0.017541701473490882,0.008363250657821569,0.014885657415374709,0.010443180095813515,0.016853774563161377,0.005384398291234419,0.010542116529235784,0.0026958231093592235,0.012716245263879985,0.01577178950703242,0.010443180095813515
2016-08-31,0.00445901593207655,0.012291306999616771,0.017609944574276094,0.0007695267790285036,0.01298235791807998,0.009621342496319282,0.014363028748845166,0.01041318654442484,0.0073412919422632065,0.0015684083873244777,0.004160374747237934,-0.03161744679568765,0.008432399524597668
2016-09-30,0.0009893026223956295,0.01013631410105771,0.0054738385152111515,0.005970881121994541,0.0006896172897494366,0.006467676800153939,-0.0017111040793536488,0.006368337407035949,0.007262036885614499,0.0008894174902145069,0.0010891777785335716,-0.01755961628819955,0.005672685205068954
2016-10-31,-0.002011599899714766,0.0004897771611867076,0.003682436762257296,-0.0029136295274013804,-0.0010102981238557125,0.01102665397290121,-0.005825716738722303,-0.006026863274651409,0.003981226665381495,0.01477715185516168,-0.009553492956239022,-0.04280437558550705,0.0007895223799968659
2016-11-30,0.003383557557043661,-0.0006100579744262487,-0.005021534950308639,-0.01929086576587851,0.010729962085247706,0.010433182145393202,0.01102665397290121,0.007262036885614499,0.00477756355795241,0.018906139239143586,-0.001510823686134627,-0.017763137200675714,-0.005423545005973991
2016-12-31,0.009344234851725154,0.003682436762257296,-0.0019114245928441276,-0.005222519776630844,0.01201499166948239,0.013101036106585858,0.011718592912187254,0.005772093724460911,0.008848866535259589,0.010532118578815471,0.008353252707401256,0.0017880247095865007,0.015466501431921059
2017-01-31,0.006575693715098247,0.012615017056167872,0.020774315210079677,0.019500741685009284,0.01300976688859085,0.011923829667505012,0.013700204357454735,-0.000599940023993936,0.00915429278348482,-0.0032038473540611507,0.01073782438912913,-0.015006072410689006,0.00756824962784999
2017-02-28,0.009273329209852844,0.010856704107702266,0.009669408034715936,-0.011643120096996216,0.010263232280194257,0.008877093444391346,0.010856704107702266,0.0093723636243928,0.006794275929714951,0.002914639131144609,0.013128422206506798,0.023238937780348523,0.008877093444391346
2017-03-31,0.003662441161288934,-0.002332181645925118,0.01041318654442484,0.01219254644450219,0.0019676099894322817,0.00026990148759607323,0.002865231353247602,0.0021671510456665317,0.005950885521026179,0.0016682237290253459,0.00912612136997011,-0.019514734965922022,0.009720357299113172
2017-04-30,0.0037209438054516646,0.0023259655003208864,0.010271185566170188,0.0011287190238769306,0.00521340714402278,0.009578493440110554,0.0029240516425512566,0.009974376263966515,0.0031233342259130254,-0.006487311375742204,0.014121711131285101,-0.005984470313203423,0.0076959068053280115
2017-05-31,0.007506780370608708,0.00023981294705130083,0.007506780370608708,-0.0034637096285189523,0.008894430509027018,0.0049245959981159704,0.010873453517888392,0.010477962114671328,0.008101723372787977,-0.005571826656805334,0.01668885603882838,0.0036309991213715528,0.014228830197965866
2017-06-30,-0.005571826656805334,-0.0023612289355422634,0.006613701670713777,0.004128734436012401,-0.005169937773670712,-5.996222381714363e-05,-0.008087298124581277,0.004526744391515461,0.002933753214345525,-0.007684397232749159,-0.0025615895853810244,-0.03411315855500427,-0.0011599073374669359
2017-07-31,0.012807323235652703,0.011326499627276311,0.020080797408790887,0.03331184945820357,0.01152406951826766,0.005977304108459426,0.014088932323186315,0.016057436895858562,0.007862692908088343,0.012511333889108172,0.018022074070023424,0.012017823540050099,0.006870826133655496
2017-08-31,0.00496308609877178,-0.003723504392117991,0.01633077634714394,0.008733679968754614,-0.00804490200197236,0.0008788048819956654,-0.01228390713843349,-0.0061331441122711656,0.004565353171186014,0.0026739584507464863,0.007346167357648861,0.02640371858950668,0.006453177270029425
2017-09-30,-0.002500626459350515,0.005578815027039084,0.015169080828500266,-0.0017998205038525783,0.002793297905612839,0.0058768036063486405,0.0013976242666380282,0.003888533739692443,-0.01297087211430338,0.0001997802423987637,0.0013976242666380282,-0.0279596819158665,-0.0023003460661314926
2017-10-31,0.011839159380767105,0.0032120048762460506,0.017058532104005493,-0.0067970867910451295,0.0015175115727139444,0.004406391402229931,0.00021978241629355732,-0.0006796330243412622,0.007286949639385894,0.00698934535168769,0.01941309024075489,0.047815308511751094,0.005201857288860447
2017-11-30,0.00015985293563985556,-0.0061537422212123325,0.0039488693343535265,-0.00524935588614364,-0.003543298971758391,-0.004646885740397634,-0.002841650068116647,-0.005952696784266582,0.0039488693343535265,-3.996722687932351e-05,0.0027538881126866503,-0.0017400526406077229,0.00035963317803861927
2017-12-31,0.008259164317781903,0.009051635879809958,0.009942416361337785,0.02291684644675182,0.014482943360592738,0.01428595724747671,0.015172089339134422,0.005082982987591268,0.008259164317781903,0.009051635879809958,0.007466064246468349,0.015467292293307695,-0.0056112371677863255
2018-01-31,0.025689848054050137,0.0169869133505272,0.03402807747712479,0.019341240512162607,0.014922320374127291,0.012656197920540593,0.016102609681994284,0.009890490902762889,0.0076129239430812136,0.02977069320431499,0.029576744406189372,0.04449736582039899,0.027440821264056052
2018-02-28,-0.022567298107046514,-0.010482865696578528,-0.014731304212893035,-0.017573657156850837,-0.014325912497601623,-0.006956236014990915,-0.017268732623309708,-0.014427245020361471,0.00275306402191779,-0.021240022400428975,-0.020628027277288477,-0.07910089216313787,-0.022873842839432158
2018-03-31,-0.0018593869381950154,-0.0015592518751645472,-0.01080461970969394,0.002035360083267557,-0.00657330168993132,-0.005568478454260958,-0.006975513862271746,-0.004765346195450145,0.0035293098656345393,-0.006271748689706841,-0.002459927442681432,-0.003962858440477378,0.008493084576515746
2018-04-30,-0.0009690455660240883,0.0003294613337043162,-0.007990137597940544,0.004016009622894664,0.0025231006618623756,-0.0009690455660240883,0.0042148958606226285,-0.005376545438692157,0.002124614902455137,-0.0002696400321928942,0.001227440940067452,-0.007486992933238103,-0.004473429627973806
2018-05-31,0.001476957736103389,-0.006934868351533544,0.0003794270696837131,-0.012076786218858007,0.003867397121402355,-0.003020576205655369,0.006649040083279083,0.001476957736103389,-0.00925049989217808,0.013963493965259182,0.0024736686727984637,-0.012380076925322748,0.002274405944232419
2018-06-30,-0.0035618559288381124,-0.005066445209116621,-0.04072795077652908,-0.0023598123101955587,0.005219759231546519,0.005021031090987902,0.005120400097876433,0.007898730918603169,0.00043934976941895727,-0.005066445209116621,-0.011208537719830658,0.012939512533650372,-0.00045952669559831065
2018-07-31,0.0019149451315751268,0.002413027524698466,-0.00017971425481914266,-0.0016785903785550913,0.004502268696526007,0.007380254109791055,0.003905787915345572,-0.005385452309881604,0.002512614239912961,0.00021960690452517417,0.012520129021257837,-0.01304292045760485,-0.0050843835133879125
2018-08-31,-0.0004094247639337843,-0.005215200933527715,-0.03114050794545383,-0.0002096844257085625,8.985129616554083e-05,-0.001308750330418029,0.0003892973232570867,0.0054662083325460135,0.0013868036403823997,-0.008935480725876827,-0.0011088302977649784,0.023083907250955445,0.005366908397009167
2018-09-30,-0.000519345636186343,0.007143527109382821,-0.015212173101272333,-0.0052257079005962786,0.0007785130794136922,-0.0030199720955368576,0.002273952269426496,0.0032696707625273274,0.0005789521128763536,0.001975043284986072,-0.0009190258973022168,-0.008644170911858392,0.004562624346598187
2018-10-31,-0.02787432382448148,-0.015734414465751387,-0.027669069308161553,-0.022959805895751455,-0.02941507704387453,-0.010979967190923425,-0.0379837559099933,-0.01685042939414366,-0.004241193889950352,-0.015734414465751387,-0.0476728456174394,-0.03725825450490036,-0.021021128690414025
2018-11-30,-0.007596064142592714,-0.002879310955073968,0.00420407277960042,-0.04563047790773792,-0.005787018423098283,-0.004984047387281572,-0.006691132202099378,0.004303481298992377,-0.007495475700119943,-0.008300466687442061,1.9966257026420714e-05,-0.011627921232223193,-0.015067827497571143
2018-12-31,-0.013869569064300223,-0.01945135653066942,-0.014983436831735746,0.013384426248076717,-0.03380174629608854,-0.021896843789770234,-0.04084694742165506,-0.0013983222414292726,-0.006709754280302347,0.0010973116967181054,-0.026805832989265047,0.0060699723660966156,-0.007413377971190377
2019-01-31,0.015447381133602745,0.02619807107270113,0.03452338537349929,0.011903721553667491,0.02278991742563276,0.009929582130572335,0.02891625544702342,0.012100921317666808,0.00874322509572865,0.008446415793524977,0.03259344170778414,-0.020669183667581463,0.0075554589459922265
2019-02-28,0.008843899248821764,0.003984465875075246,0.03587916705094966,0.0002993862604069358,0.014171982894414195,0.008052133570087827,0.017610269104962748,0.0004989273166411858,0.005573817555620791,-0.0017982022827469682,0.012497683000652075,0.0035867329474894797,0.0060699723660966156
2019-03-31,0.00895280698063698,0.0011072927825605825,0.0026016890756142127,0.007071525174234013,0.005583798641463268,-0.002588461311631214,0.00934841572874998,0.00040914285144566997,0.0015060168707778285,0.013295919127802267,0.0011072927825605825,0.04279830142516831,0.010237963600602766
2019-04-30,0.011410551942646181,0.008941049033070329,0.0,-0.026390490651190708,0.01662581591595639,0.019272227654046424,0.016331337386221022,0.002690718649650974,0.0013960911721097183,0.011805107086845314,0.016134970178913563,0.024349371932702108,0.008248493971998148
2019-05-31,-0.012028378237129236,-0.0054841817129153755,-0.025963405134139098,0.014780741431326839,-0.0132412346623385,-0.01790419293388704,-0.01172539383850786,-0.005885667214644862,-7.984510054751958e-05,-0.010716108326913084,-0.025860982846959788,-0.008096723391804962,-0.0023781224049674765
2019-06-30,0.018004245354800334,0.0030896521313964692,0.0340512709523178,0.003189159569659571,0.014271798236115062,0.007755830863432314,0.017710084446663617,0.0042830883744885565,0.0048792728118611,0.03751848043557101,0.01623798054471918,0.024064277584347975,0.00904264123649537
2019-07-31,0.005196161364372668,-0.004280691446303343,0.015075712182199837,-0.0040802504754979835,-0.003980045054300864,-0.016787158037336013,0.0011171625236747365,-0.0026782874980212108,-0.0006788866520076563,0.007576170421183926,0.005295441582870685,0.03271319740630248,0.0008180449183734029
2019-08-31,-0.002939796331645139,-0.004443028563406865,-0.052621605645333094,-0.006149427973700332,-0.014016336927129619,-0.01807478405611656,-0.013105451787482444,-0.004543324436315763,-0.00554683681355586,0.0017557515334130729,-0.006551357239561325,0.03960312791515817,0.005536098255944946
2019-09-30,-0.005003512890327733,-0.0005991013658972104,-0.009729752267659679,-0.012556038594339606,-0.0022985069830616404,-0.005706006772396474,-0.0013984619200525061,0.004183689736168072,0.0036865482891903483,0.006368180725014004,-0.0029991025178982746,-0.043037129957976934,-0.004903196894858154
2019-10-31,0.0017855277285996458,-0.0003095496077958424,0.030858484798085443,-0.0003095496077958424,-0.00341032728604418,0.0012870977726094968,-0.00611886081730199,0.006855373072713392,0.004770901624623017,-0.007325012335525163,0.01189964468537633,-0.03206791282412454,0.004572153735665128
2019-11-30,0.0034897089106492828,0.00914701147866208,-0.0007993605541552956,-0.006915587571591378,0.004683382582673325,-0.0032012832461552664,0.00845397645265616,-0.000699405533831194,0.0037882609355567812,-0.0030009025221103955,0.011815656502012576,0.000898517506663933,-0.00039960040491794277
2019-12-31,0.014502848902023585,0.019705314623731485,0.040344582205735266,0.013518209200573157,0.016469224523337916,0.010262002268023618,0.019705314623731485,0.009075293267996016,0.009866589056070598,0.013518209200573157,0.021368313295082045,0.0007286629358121202,0.0042148958606226285
2020-01-31,0.00033951449753451875,3.994886545757403e-05,0.0017363021136358161,-0.012927011733844656,-0.0002597065330791316,0.004722864811384914,-0.002459927442681432,0.0010381521825209036,0.005021031090987902,-0.0012592068661625548,-0.009190577192442836,0.011163313132394555,0.009186050995376048
2020-02-29,-0.021240022400428975,0.009503809405053696,-0.006755089479061809,-0.011795930881954951,-0.029950432547545664,-0.01483267782542863,-0.03842593547944267,-0.00826467563601469,0.0005592059421554484,-0.021750304597550413,-0.03469613422226882,-0.015948466347134288,-0.016862311158662262
2020-03-31,-0.07690511652249288,-0.06777949626616761,-0.10968415424402284,-0.03301621630915236,-0.14599814093534177,-0.10768014555730762,-0.1708034375583606,-0.06692488666389165,-0.0686348368507648,-0.06521785541612951,-0.0783081710940335,0.0013772319818447342,-0.06298178995800467
2020-04-30,0.024009452460351854,0.01901800583576195,0.03960525459235942,0.01626697246387194,0.042484611606155395,0.027809700639267233,0.04993236874820893,0.03546366427556906,-0.0192847614118671,0.02829586915484725,0.042292912190251365,-0.008838948667204392,0.015676479385007616
2020-05-31,0.024595046855380134,0.017938145131012998,0.023032699110572784,-0.0019018072895963312,0.02810143011087478,0.008166562666393401,0.038451186374252634,0.013705647056111967,0.01980262729617973,0.021467906615240975,0.03998964821615841,-0.005816885321564851,0.020684591192832603
2020-06-30,0.011533235813673085,0.019900661706336174,0.06147132208810096,0.01872361399810251,0.023228126119207243,0.01901800583576195,0.0249852526939086,0.023325825303496757,0.026349775322781963,-0.004610612557683294,0.011038847115216448,-0.014606152389362114,0.0022973590486834584
2020-07-31,0.0260575343192896,0.03652477468237217,0.04305948946044701,0.042484611606155395,0.017250353406527672,-0.002402884616310315,0.02293497128249599,0.02293497128249599,0.017839918128331016,0.04238876649178652,0.015873349156290163,0.027906953253007866,0.02955880224154443
2020-08-31,0.01705375456582762,0.013705647056111967,0.014494446150452511,-0.0007002451143934259,0.03159556158975058,0.01833095668472342,0.037969931251628626,0.00767050630421974,0.011829751753577221,0.01872361399810251,0.026349775322781963,-0.015519811658036807,0.009157937784765724
2020-09-30,-0.009343515003152465,0.003992021269537457,-0.009444458827999689,-0.011263192278710714,-0.0020020026706730793,-0.006923915072824198,-0.0015011261262670914,0.008860628432196467,0.005882663158155512,-0.016434306463424773,-0.015113637810048184,-0.022143364685689858,-0.005213567052887434
2020-10-31,-0.004711079730119223,0.004888034072775866,-0.019080887812791953,-0.004711079730119223,-0.0032051309489483358,-0.0019018072895963312,-0.004008021397538822,0.0013990209137074087,0.007769737264360694,-0.010858743334875945,-0.0063199287448193475,-0.0015011261262670914,-0.0020020026706730793
2020-11-30,0.02946171014961905,0.027906953253007866,0.04114194333117521,-0.005716306996109192,0.06531946612064246,0.06672363204290813,0.06663008229776296,0.046692727991982354,0.011038847115216448,0.0249852526939086,0.03922071315328133,0.00727348396649847,0.010148331051815136
2020-12-31,0.03710308795150226,0.008265744417032593,0.03207989346341165,0.01764343517259528,0.03691035402009715,0.02293497128249599,0.03931686237695041,0.058740495022600085,0.013705647056111967,0.043825479540029515,0.04066198171888972,0.05135829227514204,0.04104596943600102
2021-01-31,-0.0022024235552000394,0.013311014059672416,0.03787365242808149,-0.0008003201707691552,0.013902905168991434,0.002696361547742533,0.014100124378781626,0.042772091843869056,0.013311014059672416,0.0031948908965192886,-0.028399474521698,-0.012072581234269249,-0.004912044361020641
2021-02-28,0.023032699110572784,0.020978406385191814,0.010346292054144267,0.01439588028373234,0.03101405352916954,0.03488440185350188,0.03188618886232173,0.013113639145383204,0.003593535510130218,0.009058844488346146,0.044495239886551304,0.03072317264284048,0.014494446150452511
2021-03-31,0.00727348396649847,-0.008132983230188991,-0.022143364685689858,-0.004610612557683294,0.01626697246387194,0.022641730480824573,0.01970458327433543,-0.0365602553118024,0.0040916179032535575,0.014888612493750559,0.007372754329413157,0.003593535510130218,0.011038847115216448
2021-04-30,0.025570276111530045,0.007074913671961985,0.030335199796072885,0.023618865598634027,0.01901800583576195,0.01695544064941337,0.018821754240587667,0.025765207886026424,0.012323749688831903,0.03488440185350188,0.03052920503482279,0.02654455522211221,0.022054990780831313
2021-05-31,0.010939940038334263,0.006876303939432064,0.00727348396649847,0.007174203748000453,0.010939940038334263,0.014888612493750559,0.010346292054144267,0.005087039048557209,0.004987541511038968,0.0260575343192896,0.004191204618468052,0.017446913603720703,0.009851316050374202
2021-06-30,-0.006722545760826811,0.0013990209137074087,0.011928570865273812,-0.010454457903858873,0.005683816468297709,0.007074913671961985,0.005882663158155512,0.00029995500899794244,-0.0007002451143934259,-0.02809088016652561,-0.006521216990265463,-0.005615738785635745,-0.008939841569474296
2021-07-31,0.002895803112025468,-0.008738065943285299,-0.04572985170617433,0.015282623531156982,-0.005314094823768765,-0.008738065943285299,-0.004208844774054682,-0.005414632701498842,0.0055843782939006634,0.0009995003330834232,0.014297304700824394,0.008563230660487814,0.010445257861538604
2021-08-31,0.009157937784765724,0.008067371077758793,0.018429135468367143,-0.0005001250416822429,0.023130417388854466,0.005286004429237438,0.030238183060609946,0.009950330853168092,0.002596625847265914,0.008563230660487814,0.00876150566857267,0.0003999200213268913,0.0030952049073025216
2021-09-30,-0.0002000200026670447,0.003394233068015617,-0.002402884616310315,-0.00350613932928759,0.006081470315867954,0.01143437762566317,0.006776984279023669,-0.013186561804175559,-0.00010000500033334732,0.015676479385007616,-0.015519811658036807,0.009356094924025029,-0.00010000500033334732
2021-10-31,0.012718772407774612,0.0135083500247923,0.01626697246387194,0.004788516731797094,0.016857117066422806,0.011236631925987768,0.019508466388043013,0.008860628432196467,-0.0031048149534787565,0.003593535510130218,0.02176149178151271,0.037969931251628626,0.003493889254255838
2021-11-30,-0.022347863663907622,-0.0022024235552000394,-0.011971371781219958,-0.004711079730119223,-0.018571385585435342,-0.008334636790057628,-0.023985362750511312,0.0010993954433010642,-0.004610612557683294,-0.03159387159117863,-0.03025304317102094,-0.04030129677352569,-0.0142003494011414
2021-12-31,0.01901800583576195,0.005783244755727361,0.0006997551142732649,0.01901800583576195,0.002596625847265914,0.007571265496318126,0.0014988761237359487,9.999500033329732e-05,0.013014937077494763,0.03430480369199024,0.02946171014961905,0.00209779808214612,0.02107632560191631
2022-01-31,-0.0066218763088869695,-0.009545412843531385,-0.019488676583862413,-0.008233804927103542,-0.020508876631540447,-0.009848336054814406,-0.025420377346911223,-0.008838948667204392,-0.0006001800720324606,0.03382154847551066,-0.02460011686823269,0.014198719399812928,-0.012072581234269249
2022-02-28,0.0036931718376176067,-0.00350613932928759,-0.02747397700075509,0.005087039048557209,-0.004208844774054682,0.0032945669494301114,-0.0072260450917395825,-0.00040008002133969133,-0.005917473764037623,0.03207989346341165,-0.014504686202881688,0.02078253918252841,0.020096701699122397
2022-03-31,0.024009452460351854,-0.011870172570487445,-0.027885203489535663,0.0023971245997214514,0.002496880198587146,0.003992021269537457,0.0022973590486834584,0.0030952049073025216,-0.0031048149534787565,0.0842492324449,0.005087039048557209,0.08148781684626792,0.022543964434894436
2022-04-30,0.0038924147153438535,0.004788516731797094,-0.01176898359999889,-0.009141657917283387,-0.008032171697264267,0.0013990209137074087,-0.009545412843531385,-0.012578782206860073,-0.005414632701498842,0.030141156911986808,-0.018571385585435342,0.043346804503365866,0.012620031356102198
